#Pdb,ddG,delta_vol,delta_hydro,loc,L3_hydro,L2_hydro,L1_hydro,R1_hydro,R2_hydro,R3_hydro
1IAR_A_B,1.1707294364944378,0,0.0,0,-3.9,2.5,-3.5,-0.7,3.8,-3.5
1IAR_A_B,0.7956602806251325,85,-6.3,0,-3.9,2.5,-3.5,-0.7,3.8,-3.5
1IAR_A_B,-0.1035873807244651,0,0.0,2,2.5,-3.5,4.5,3.8,-3.5,-3.5
1IAR_A_B,1.3919622185152052,23,-5.3,2,2.5,-3.5,4.5,3.8,-3.5,-3.5
1IAR_A_B,-0.0223470294471713,0,0.0,3,4.5,-0.7,3.8,-3.5,4.5,4.5
1IAR_A_B,0.0388998710877811,85,-6.3,3,4.5,-0.7,3.8,-3.5,4.5,4.5
1IAR_A_B,3.1111165421697384,55,-5.3,0,-0.7,3.8,-3.5,4.5,4.5,-3.9
1IAR_A_B,0.0689295959962238,0,0.0,1,-3.5,-3.5,4.5,-3.9,-0.7,3.8
1IAR_A_B,-0.0148039210696849,1,-2.6,0,-3.5,4.5,4.5,-0.7,3.8,-3.5
1IAR_A_B,0.1393945393114983,50,-5.3,0,-3.5,4.5,4.5,-0.7,3.8,-3.5
1IAR_A_B,0.9780383722146831,0,0.0,2,4.5,4.5,-3.9,3.8,-3.5,-0.8
1IAR_A_B,-0.2185522049313315,23,-5.3,2,4.5,4.5,-3.9,3.8,-3.5,-0.8
1IAR_A_B,-0.0338449829533935,0,0.0,4,-3.9,-0.7,3.8,-0.8,3.8,-0.7
1IAR_A_B,-0.0780240152866065,23,-5.3,4,-3.9,-0.7,3.8,-0.8,3.8,-0.7
1IAR_A_B,-0.1826547901136533,0,0.0,4,-0.7,3.8,-3.5,3.8,-0.7,-3.5
1IAR_A_B,-0.1035873807244651,23,-5.3,4,-0.7,3.8,-3.5,3.8,-0.7,-3.5
1IAR_A_B,-0.3197807621149323,0,0.0,4,-0.8,3.8,-0.7,-3.5,-3.9,-0.7
1IAR_A_B,-0.1167951996983765,85,-6.3,4,-0.8,3.8,-0.7,-3.5,-3.9,-0.7
1IAR_A_B,0.8353037484450723,55,-5.3,0,-0.7,4.2,3.8,-3.5,2.8,-1.3
1IAR_A_B,0.1536633261378012,0,0.0,4,-3.2,-4.5,-3.2,-3.5,3.8,4.5
1IAR_A_B,0.6114891618979398,50,-5.3,4,-3.2,-4.5,-3.2,-3.5,3.8,4.5
1IAR_A_B,0.124773401388812,0,0.0,0,-4.5,-3.2,-3.9,3.8,4.5,-4.5
1IAR_A_B,0.2449399515811963,50,-5.3,0,-4.5,-3.2,-3.9,3.8,4.5,-4.5
1IAR_A_B,0.479360063432462,0,0.0,3,-3.5,3.8,4.5,2.8,3.8,-3.9
1IAR_A_B,1.4609300890339203,50,-5.3,3,-3.5,3.8,4.5,2.8,3.8,-3.9
1IAR_A_B,-0.0864231064658537,0,0.0,2,3.8,4.5,-4.5,3.8,-3.9,-4.5
1IAR_A_B,-0.5802873562109044,23,-5.3,2,3.8,4.5,-4.5,3.8,-3.9,-4.5
1IAR_A_B,0.3447858438049525,0,0.0,0,-4.5,2.8,3.8,-4.5,3.8,-3.5
1IAR_A_B,1.8790606129633345,23,-5.3,0,-4.5,2.8,3.8,-4.5,3.8,-3.5
1IAR_A_B,0.4266541124263496,0,0.0,0,2.8,3.8,-3.9,3.8,-3.5,-4.5
1IAR_A_B,1.223935705232049,50,-5.3,0,2.8,3.8,-3.9,3.8,-3.5,-4.5
1IAR_A_B,2.827442638609896,55,-5.3,0,-4.5,3.8,-3.5,-3.5,3.8,-0.9
1IAR_A_B,3.752651943901608,0,0.0,0,-4.5,3.8,-3.5,-3.5,3.8,-0.9
1IAR_A_B,1.557936299934076,0,0.0,2,3.8,-3.5,-4.5,3.8,-0.9,-0.4
1IAR_A_B,0.7291272457244108,0,0.0,0,-4.5,-3.5,3.8,-0.4,3.8,1.8
1IAR_A_B,1.3058873190573277,23,-5.3,0,-4.5,-3.5,3.8,-0.4,3.8,1.8
1E96_A_B,1.085396241381556,65,-5.0,0,-1.3,-0.7,-0.7,1.8,2.8,-1.6
1E96_A_B,2.007656709111296,26,-5.3,3,-0.4,-3.5,-1.3,-1.6,-0.7,4.2
1E96_A_B,2.163837587730839,26,-5.3,4,-0.7,4.2,2.8,-3.5,-1.3,-0.8
1E96_A_B,0.359676285980142,28,-2.5,4,1.8,-3.5,4.2,4.2,-3.5,-0.4
1E96_A_B,-0.1865758531819146,50,-5.3,4,3.8,-3.9,-3.5,-3.9,3.8,-0.7
1E96_A_B,-0.1252359092105691,85,-6.3,4,-3.5,-3.9,-3.9,-0.7,-1.6,4.5
2B42_A_B,1.6210713681360585,0,0.0,0,-3.5,-3.5,2.8,3.8,-3.5,2.8
2B42_A_B,1.0646960948179414,55,-5.3,0,-3.5,-3.5,2.8,3.8,-3.5,2.8
2B42_A_B,2.540539117660028,80,-5.7,0,-3.5,-3.5,2.8,3.8,-3.5,2.8
2HLE_A_B,-0.4104304674362382,55,-5.3,0,3.8,-0.7,-4.5,-4.5,-1.6,-0.4
2HLE_A_B,2.286038440879624,85,-6.3,2,2.8,-0.7,1.9,-3.5,2.5,3.8
3BT1_A_U,-0.2874818009275554,88,1.8,1,-3.5,2.5,1.8,0.0,0.0,0.0
3BT1_A_U,0.673907323589646,88,1.8,3,0.0,1.8,-3.5,0.0,0.0,0.0
3BT1_A_U,0.3630350991123378,88,1.8,4,0.0,0.0,0.0,0.0,0.0,0.0
3BT1_A_U,0.661263583409386,88,1.8,1,0.0,0.0,0.0,0.0,0.0,0.0
3BT1_A_U,0.420111217124532,88,1.8,1,0.0,0.0,0.0,0.0,0.0,0.0
2HRK_A_B,0.6238572076826587,140,4.2,0,-3.9,3.8,4.2,-3.5,-3.9,-3.9
2HRK_A_B,0.7206729380652993,52,2.4000000000000004,0,-3.9,-3.5,2.8,-3.9,3.8,-0.8
2HRK_A_B,0.9529900333379542,0,0.0,3,-3.5,4.2,1.8,-0.9,-0.4,1.8
2WPT_A_B,-3.4015296659155783,78,1.9999999999999998,2,-0.4,1.8,-0.7,2.5,-3.5,-3.5
2WPT_A_B,-0.8965543978111384,52,2.4000000000000004,0,1.8,-0.7,-3.5,-3.5,-3.5,-3.5
2WPT_A_B,-1.0377237634795315,28,-2.5,3,-3.5,-3.5,-3.5,3.8,4.2,-4.5
2WPT_A_B,0.0382149363671055,65,-5.0,1,-3.5,-3.5,-3.9,4.2,-4.5,-3.5
2WPT_A_B,-0.3722155310691326,50,-5.3,4,3.8,4.2,-4.5,2.8,-3.5,-4.5
2WPT_A_B,1.732998495188348,0,0.0,3,-4.5,1.8,-3.5,1.8,-0.7,-3.5
2WPT_A_B,-0.1321290984654777,0,0.0,2,-0.4,1.8,-0.7,2.5,-3.5,-3.5
2WPT_A_B,-0.3796637550621519,0,0.0,0,1.8,-0.7,-3.5,-3.5,-3.5,-3.5
2WPT_A_B,3.8072040756534022,0,0.0,2,2.5,-3.5,-3.5,-3.9,3.8,4.2
2WPT_A_B,-1.110319786050776,0,0.0,3,-3.5,-3.5,-3.5,3.8,4.2,-4.5
2WPT_A_B,4.500691969758815,0,0.0,0,-3.9,3.8,4.2,-3.5,2.8,-3.5
2WPT_A_B,-0.2400864326036549,0,0.0,4,3.8,4.2,-4.5,2.8,-3.5,-4.5
2WPT_A_B,2.424367868250324,0,0.0,0,-0.7,-3.5,-3.2,-3.5,-0.4,-0.8
2WPT_A_B,5.213595570493115,0,0.0,0,-3.5,-3.2,-1.6,-0.4,-0.8,-3.5
2WPT_A_B,5.213595570493115,0,0.0,0,-3.5,-0.4,-0.8,3.8,4.5,-1.3
2WPT_A_B,5.213595570493115,0,0.0,3,-0.4,-0.8,-3.5,4.5,-1.3,-1.3
2WPT_A_B,2.926074961129957,0,0.0,2,-0.8,-3.5,3.8,-1.3,-1.3,-1.6
2WPT_A_B,1.1337185493446151,88,1.8,0,-0.7,-3.5,-3.2,-3.5,-0.4,-0.8
2WPT_A_B,0.9173203155044316,88,1.8,0,-3.5,-0.8,-1.6,-0.4,4.5,4.2
2WPT_A_B,-0.8488405965674906,88,1.8,0,-1.6,-3.5,-0.4,4.2,-3.9,-3.5
2WPT_A_B,1.236957723061104,88,1.8,2,-3.5,-0.4,4.5,-3.9,-3.5,4.5
2WPT_A_B,-0.6113064351567891,88,1.8,0,4.5,4.2,-3.9,4.5,-3.9,-3.5
2WPT_A_B,-0.1494608528553146,88,1.8,2,4.2,-3.9,-3.5,-3.9,-3.5,-0.9
2WPT_A_B,-0.093558424028195,88,1.8,2,-0.9,-4.5,1.8,-3.5,-0.4,-3.9
2WPT_A_B,1.1695369771682458,88,1.8,0,1.8,1.8,-3.5,-3.9,-0.8,-0.4
2WPT_A_B,0.5259309099519017,88,1.8,2,1.8,-3.5,-0.4,-0.8,-0.4,2.8
2WPT_A_B,0.8996435998464634,88,1.8,2,-0.4,2.8,-3.9,-0.4,0.0,0.0
2WPT_A_B,0.4971346686142305,88,1.8,0,0.0,0.0,0.0,0.0,0.0,0.0
2WPT_A_B,0.1192362656333945,88,1.8,2,0.0,0.0,0.0,0.0,0.0,0.0
2WPT_A_B,0.6096644270178107,88,1.8,0,-0.7,-3.5,-3.2,-3.5,-0.4,-0.8
2WPT_A_B,0.4845428186210219,88,1.8,0,-3.5,-0.8,-1.6,-0.4,4.5,4.2
2WPT_A_B,0.5807745022688214,88,1.8,0,-1.6,-3.5,-0.4,4.2,-3.9,-3.5
2WPT_A_B,1.2648621893785326,88,1.8,2,-3.5,-0.4,4.5,-3.9,-3.5,4.5
2WPT_A_B,-0.302473133298061,88,1.8,0,4.5,4.2,-3.9,4.5,-3.9,-3.5
2WPT_A_B,-0.0408524730220825,88,1.8,2,4.2,-3.9,-3.5,-3.9,-3.5,-0.9
2WPT_A_B,-0.0408524730220825,88,1.8,2,-0.9,-4.5,1.8,-3.5,-0.4,-3.9
2WPT_A_B,0.9450419140007652,88,1.8,0,1.8,1.8,-3.5,-3.9,-0.8,-0.4
2WPT_A_B,0.2267796703593989,88,1.8,2,1.8,-3.5,-0.4,-0.8,-0.4,2.8
2WPT_A_B,-0.1321290984654778,88,1.8,2,-0.4,2.8,-3.9,-0.4,0.0,0.0
2WPT_A_B,0.8007869446849619,88,1.8,0,0.0,0.0,0.0,0.0,0.0,0.0
2WPT_A_B,0.4104304674362382,88,1.8,2,0.0,0.0,0.0,0.0,0.0,0.0
2VLP_A_B,-1.6655302551102509,173,-4.5,1,-3.5,3.8,4.5,-1.3,-1.6,-3.9
2VLN_A_B,-2.3343008979773754,114,-3.5,2,-3.9,-3.5,-0.9,1.8,1.8,-3.5
2VLQ_A_B,-3.8785458133737114,189,2.8,0,2.8,-3.9,-3.5,0.0,0.0,0.0
2VLO_A_B,-1.95943602915512,168,-3.9,2,0.0,-3.2,-3.2,0.0,0.0,0.0
1EMV_A_B,1.6655302551102509,88,1.8,0,-3.5,3.8,4.5,-1.3,-1.6,-3.9
1EMV_A_B,1.1645496972910931,88,1.8,0,-3.5,-0.7,4.2,-3.5,-0.9,-4.5
1EMV_A_B,-0.2409952984766449,88,1.8,0,4.2,-3.9,-3.5,-4.5,1.8,1.8
1EMV_A_B,2.3343008979773754,88,1.8,2,-3.9,-3.5,-0.9,1.8,1.8,-3.5
1EMV_A_B,-0.2328652943277047,88,1.8,0,-0.9,-4.5,1.8,-3.5,-0.4,-3.9
1EMV_A_B,-0.5398413086413381,88,1.8,2,-4.5,1.8,1.8,-0.4,-3.9,-0.8
1EMV_A_B,-0.1094121899069293,88,1.8,2,-0.8,-0.4,2.8,-3.5,-0.4,0.0
1EMV_A_B,3.8785458133737114,88,1.8,0,2.8,-3.9,-3.5,0.0,0.0,0.0
1EMV_A_B,0.1584185535099541,88,1.8,2,-3.9,-3.5,-0.4,0.0,0.0,0.0
1EMV_A_B,-0.2775752793641427,88,1.8,2,0.0,0.0,0.0,0.0,0.0,0.0
1EMV_A_B,1.95943602915512,88,1.8,0,0.0,0.0,0.0,0.0,0.0,0.0
1EMV_A_B,1.0887407088423584,88,1.8,2,0.0,0.0,0.0,0.0,0.0,0.0
1EMV_A_B,0.9214625719339878,0,0.0,0,3.8,4.2,-0.7,4.5,2.5,-3.5
1EMV_A_B,0.1393945393114984,0,0.0,3,4.2,-0.7,-0.7,2.5,-3.5,1.8
1EMV_A_B,0.3365617393777054,0,0.0,4,-0.7,4.5,2.5,1.8,-3.5,-0.7
1EMV_A_B,0.7280593897091117,0,0.0,0,4.5,2.5,-3.5,-3.5,-0.7,-0.8
1EMV_A_B,0.1730790327666875,0,0.0,3,2.5,-3.5,1.8,-0.7,-0.8,-0.8
1EMV_A_B,0.9559069160838096,0,0.0,3,-3.5,1.8,-3.5,-0.8,-0.8,-3.5
1EMV_A_B,1.4158552697283928,0,0.0,3,1.8,-3.5,-0.7,-0.8,-3.5,-3.5
1EMV_A_B,0.3068430867117731,0,0.0,4,-3.5,-0.7,-0.8,-3.5,-3.5,-3.5
1EMV_A_B,0.2202644645523136,0,0.0,4,-0.7,-0.8,-0.8,-3.5,-3.5,3.8
1EMV_A_B,3.4173975728355126,0,0.0,2,-0.8,-0.8,-3.5,-3.5,3.8,4.2
1EMV_A_B,2.578031194388125,0,0.0,0,-0.8,-3.5,-3.5,3.8,4.2,-3.9
1EMV_A_B,0.1918782625049067,0,0.0,4,-3.5,-3.5,-3.5,4.2,-3.9,3.8
1EMV_A_B,0.9066293717583066,0,0.0,1,-3.5,-3.5,3.8,-3.9,3.8,4.2
1EMV_A_B,1.6636965035365003,0,0.0,2,-3.5,3.8,4.2,3.8,4.2,-0.7
1EMV_A_B,0.8994712805569939,0,0.0,3,3.8,4.2,-3.9,4.2,-0.7,-3.2
1EMV_A_B,2.0828669968103095,0,0.0,0,3.8,4.2,-0.7,2.8,-3.5,-3.5
1EMV_A_B,0.6577823408859138,0,0.0,4,4.2,-0.7,-3.2,-3.5,-3.5,1.9
1EMV_A_B,0.304662141336403,0,0.0,1,-3.2,2.8,-3.5,1.9,-0.7,-3.5
1EMV_A_B,0.2126567453394748,0,0.0,4,2.8,-3.5,-3.5,-0.7,-3.5,-3.2
1EMV_A_B,0.8317259369555209,0,0.0,2,-3.5,-3.5,1.9,-3.5,-3.2,-1.6
1EMV_A_B,0.4372280719869458,0,0.0,3,-3.5,1.9,-0.7,-3.2,-1.6,-0.8
1EMV_A_B,0.0072654408460206,0,0.0,0,1.9,-0.7,-3.5,-1.6,-0.8,-0.4
1EMV_A_B,1.4852258458231966,0,0.0,2,-0.7,-3.5,-3.2,-0.8,-0.4,-0.8
1EMV_A_B,2.187016433580773,0,0.0,0,-3.5,-3.2,-1.6,-0.4,-0.8,-3.5
1EMV_A_B,5.9148722001806435,0,0.0,0,-3.2,-1.6,-0.8,-0.8,-3.5,3.8
1EMV_A_B,0.6009855427983435,0,0.0,1,-1.6,-0.8,-0.4,-3.5,3.8,4.5
1EMV_A_B,0.847658539423184,0,0.0,2,-0.8,-0.4,-0.8,3.8,4.5,-1.3
1EMV_A_B,4.834139980664254,0,0.0,0,-0.4,-0.8,-3.5,4.5,-1.3,-1.3
1EMV_A_B,4.634281305709102,0,0.0,3,-0.8,-3.5,3.8,-1.3,-1.3,-1.6
1EMV_A_B,1.2421564043917592,0,0.0,3,-3.5,3.8,4.5,-1.3,-1.6,-3.9
1EMV_A_B,0.5110321044977497,0,0.0,4,-1.3,-1.6,-3.9,-0.4,-3.5,-3.5
1EMV_A_B,0.8699408733226264,0,0.0,4,-3.5,-0.4,-3.5,-3.5,-0.8,-1.6
1EMV_A_B,1.8556533755337228,0,0.0,1,-0.8,-1.6,-0.8,4.5,4.2,-3.5
1EMV_A_B,0.2778443052660898,0,0.0,4,-1.6,-0.8,-0.4,4.2,-3.5,-0.7
1FR2_A_B,-2.0828669968103095,50,-5.3,0,3.8,4.2,-0.7,2.8,1.8,-3.5
2B0Z_A_B,-2.527607041966813,189,2.8,3,-0.4,3.8,-3.5,-0.4,2.8,-3.9
2B12_A_B,-1.5746170086288584,189,2.8,2,-0.4,3.8,-3.5,-0.4,2.8,-3.9
2OOB_A_B,-0.1782017463522061,50,-5.3,1,-1.6,-3.5,1.8,3.8,-3.5,-3.5
2OOB_A_B,3.1016527672810574,50,-5.3,0,1.8,1.8,3.8,-3.5,4.2,-3.5
2OOB_A_B,0.2352344432741755,1,-2.6,3,-3.5,4.2,-3.5,-3.9,4.5,1.8
2O3B_A_B,5.47190270225648,88,1.8,0,-0.7,-1.6,-3.5,-1.3,3.8,1.9
2O3B_A_B,0.5989952014285316,111,-3.5,0,-0.7,-1.6,-3.5,-1.3,3.8,1.9
2O3B_A_B,5.395393076542149,143,-3.5,0,-0.7,-1.6,-3.5,-1.3,3.8,1.9
2O3B_A_B,3.231185631082995,88,1.8,3,-1.6,1.8,-0.4,4.2,-4.5,4.2
2O3B_A_B,5.4348827733585505,138,-3.5,3,1.8,-0.4,-0.9,-4.5,4.2,-0.7
2O3B_A_B,5.900009885350686,114,-3.5,3,1.8,-0.4,-0.9,-4.5,4.2,-0.7
2O3B_A_B,4.071462272584358,88,1.8,0,-0.4,-0.9,4.2,4.2,-0.7,-1.6
2C0L_A_B,0.7035185160233844,0,0.0,1,-3.5,1.8,-3.5,-3.5,-3.5,-3.5
2C0L_A_B,1.520588486189158,85,-6.3,1,-0.4,1.8,-3.2,-3.5,1.8,4.2
2C0L_A_B,0.2799540576647223,105,-3.1,1,-4.5,-3.5,1.8,-3.5,-3.2,2.8
2BTF_A_P,1.594862604671798,-24,3.4000000000000004,0,-3.5,-3.5,1.8,-0.8,-3.9,-4.5
2BTF_A_P,0.978190687585298,26,-1.9,3,-3.5,1.8,-3.5,-3.9,-4.5,-0.4
2BTF_A_P,1.7199842130685865,77,4.4,2,-3.5,-3.9,1.9,-3.5,4.5,1.9
2BTF_A_P,0.4598028860108828,-24,3.4000000000000004,0,4.5,1.9,2.8,-0.7,2.8,-3.5
2A9K_A_B,2.409688810653575,111,-3.5,0,1.8,-3.5,-0.8,-4.5,-3.9,-3.9
2A9K_A_B,3.1512999389342222,88,1.8,3,-3.5,-0.4,-3.5,4.2,-3.5,4.5
1MAH_A_F,1.2448883065133411,78,1.9999999999999998,2,4.2,-3.5,-3.2,-0.9,-3.2,4.2
1MAH_A_F,2.0602724387386098,78,2.7,2,-3.2,-3.5,-0.9,4.2,3.8,-1.6
1MAH_A_F,0.7919526778836428,105,-3.1,2,-3.2,-3.5,-0.9,4.2,3.8,-1.6
1MAH_A_F,0.7919526778836428,-28,-2.2,1,-3.5,4.2,3.8,-0.4,4.2,4.2
1MAH_A_F,0.3864767754063399,0,0.0,1,3.8,-3.5,4.2,4.2,-0.4,4.2
1MAH_A_F,1.8793800874433717,26,-5.3,2,4.2,2.5,-1.3,-1.3,4.2,-3.5
1MAH_A_F,3.0039621747085596,55,-5.3,2,4.5,-1.3,-0.4,-0.4,2.8,-1.3
1MAH_A_F,5.217181004206678,26,-5.3,0,-3.5,-3.5,4.2,-1.3,-3.5,-1.3
1MAH_A_F,8.808422713387817,85,-6.3,0,3.8,-4.5,-0.7,-1.6,1.8,-3.5
1KTZ_A_B,0.242784050025768,78,2.7,0,-0.8,-0.7,4.2,-0.4,3.8,-1.3
1KTZ_A_B,1.1510640983272842,80,-5.7,3,-3.5,3.8,-3.5,-3.5,2.5,2.5
1KTZ_A_B,2.200285815313038,80,-5.7,3,4.2,3.8,-0.4,-1.3,-3.5,-0.7
1KTZ_A_B,1.480766212788773,0,0.0,3,-3.5,3.8,-3.5,-3.5,2.5,2.5
1KTZ_A_B,2.882817322814814,0,0.0,3,4.2,3.8,-0.4,-1.3,-3.5,-0.7
1KTZ_A_B,1.8239195961539352,88,1.8,0,0.0,1.8,3.8,-0.7,-3.5,-1.3
1KTZ_A_B,2.978425387658262,88,1.8,0,-3.5,-0.7,-3.5,2.5,2.8,-4.5
1KTZ_A_B,1.5207792785599348,88,1.8,3,-3.5,-1.3,2.5,-4.5,-3.5,3.8
1KTZ_A_B,1.9992436939839,114,-3.5,3,-3.5,-1.3,2.5,-4.5,-3.5,3.8
1KTZ_A_B,0.3263661845112489,88,1.8,3,4.5,-3.5,2.8,-3.5,-3.5,3.8
1KTZ_A_B,1.8954374855101688,88,1.8,0,-3.5,2.8,-4.5,-3.5,3.8,-0.4
1KTZ_A_B,1.5127138734982817,88,1.8,0,2.8,-4.5,-3.5,3.8,-0.4,-0.9
1KTZ_A_B,0.2163982338401837,88,1.8,2,-4.5,-3.5,-3.5,-0.4,-0.9,-3.9
1KTZ_A_B,4.03556485776668,166,3.8,2,-4.5,-3.5,-3.5,-0.4,-0.9,-3.9
1KTZ_A_B,1.3694847556813434,88,1.8,0,-3.5,-3.5,3.8,-0.9,-3.9,-0.9
1KTZ_A_B,1.2158533509430487,88,1.8,3,3.8,-0.4,-0.9,-0.9,4.2,-3.2
1KTZ_A_B,0.4147684062517971,88,1.8,2,-1.3,3.8,-4.5,1.8,-3.5,-0.7
1KTZ_A_B,0.8142938509230113,88,1.8,3,-1.3,4.2,-0.4,-0.7,-1.6,-3.9
1KTZ_A_B,1.4934560460864352,88,1.8,0,4.2,-0.4,-4.5,-1.6,-3.9,4.2
1KTZ_A_B,1.626283818379287,143,-3.5,0,4.2,-0.4,-4.5,-1.6,-3.9,4.2
1KTZ_A_B,0.284796417640093,88,1.8,4,3.8,-1.3,4.5,2.8,-4.5,-3.5
1KTZ_A_B,0.6476071841109902,88,1.8,1,-3.5,-1.6,-3.9,-1.3,-1.3,1.8
1KTZ_A_B,1.0795197898419069,88,1.8,1,2.5,-1.6,-1.3,-4.5,-0.8,1.8
1KTZ_A_B,0.2954656432293718,88,1.8,1,-4.5,-0.8,1.8,-0.7,-0.7,-3.2
1KTZ_A_B,0.9317137564429624,88,1.8,1,3.8,-3.5,-1.6,-0.7,4.5,3.8
1KTZ_A_B,0.8709295628159813,88,1.8,1,-1.6,3.8,-0.7,3.8,-1.3,-1.3
1KTZ_A_B,0.5390661870374325,88,1.8,1,4.2,-3.5,-3.5,-0.8,-3.5,1.9
1HE8_A_B,0.4671188951857657,52,2.4000000000000004,2,4.5,2.8,4.5,4.5,-3.2,-4.5
1GRN_A_B,0.38965198460167,50,-5.3,4,-0.7,4.2,2.8,-3.5,-1.3,1.8
3NPS_A_BC,0.0263210443640175,0,0.0,4,1.8,3.8,-0.4,-0.4,-3.2,4.5
3NPS_A_BC,0.6414766328369779,0,0.0,0,-3.5,-0.4,-3.2,2.5,-0.4,1.8
3NPS_A_BC,-0.3317837514928105,0,0.0,4,-3.2,2.5,-1.3,-3.5,-3.5,-4.5
3NPS_A_BC,0.3399516598696178,0,0.0,3,2.5,-1.3,4.5,-3.5,-4.5,-0.4
3NPS_A_BC,1.067360850472768,0,0.0,3,-1.3,4.5,-3.5,-4.5,-0.4,2.8
3NPS_A_BC,-1.062631937602381,0,0.0,3,4.5,-3.5,-3.5,-0.4,2.8,-4.5
3NPS_A_BC,0.2195482118945176,0,0.0,1,-3.5,-4.5,-0.4,-4.5,-1.3,-0.8
3NPS_A_BC,0.1381541747574692,0,0.0,4,-4.5,-0.4,2.8,-1.3,-0.8,-3.5
3NPS_A_BC,0.4518434005096292,0,0.0,1,-0.4,2.8,-4.5,-0.8,-3.5,-1.6
3NPS_A_BC,-0.1515798514676689,0,0.0,4,-4.5,3.8,-3.9,4.5,4.5,-0.8
3NPS_A_BC,1.5712430621783324,0,0.0,1,-3.2,-1.6,2.8,-3.5,-3.5,2.8
3NPS_A_BC,0.253393194847911,0,0.0,4,-1.6,2.8,2.8,-3.5,2.8,-0.7
3NPS_A_BC,1.506879311233182,0,0.0,3,2.8,2.8,-3.5,2.8,-0.7,2.8
3NPS_A_BC,0.4634921565125279,0,0.0,0,2.8,-3.5,-3.5,-0.7,2.8,-3.5
3NPS_A_BC,0.7237380170067531,0,0.0,3,-3.5,-3.5,2.8,2.8,-3.5,-1.3
3NPS_A_BC,1.8748992648010312,0,0.0,0,-0.4,-0.9,-0.4,-0.7,-3.5,-1.3
3NPS_A_BC,0.2957059053548025,0,0.0,4,-0.4,-3.2,-0.7,-1.3,-0.4,-0.4
3NPS_A_BC,1.774691459480011,0,0.0,0,-3.2,-0.7,-3.5,-0.4,-0.4,-0.7
3NPS_A_BC,0.1749520425239754,0,0.0,3,-1.3,-0.4,-0.4,-0.4,1.8,3.8
3NPS_A_BC,0.2957059053548025,0,0.0,4,-0.7,-0.4,1.8,4.5,3.8,-3.5
3NPS_A_BC,0.6152849725005701,0,0.0,4,-0.7,-0.7,2.5,-3.5,3.8,3.8
3NPS_A_BC,-0.0592177518431142,0,0.0,3,3.8,3.8,-1.6,-3.5,4.5,-0.7
3NPS_A_BC,0.7408315009012415,0,0.0,0,3.8,-1.6,-3.5,4.5,-0.7,-1.6
3NPS_A_BC,1.466592383621809,0,0.0,4,-0.8,-0.9,-0.4,-0.4,2.5,1.8
3NPS_A_BC,-0.0409125537892184,0,0.0,0,-0.4,2.5,1.8,-4.5,-3.5,-3.9
3NPS_A_BC,-0.0838932388719969,0,0.0,4,2.5,1.8,-3.5,-3.5,-3.9,-1.6
3NPS_A_BC,-0.1035997497958337,0,0.0,4,-3.5,-4.5,-3.5,-1.6,-0.4,4.2
2G2U_A_B,0.6505169000398933,88,1.8,3,-0.8,-0.4,-4.5,3.8,-0.7,1.8
2G2U_A_B,-0.9503757862658628,88,1.8,3,3.8,-0.7,1.8,-4.5,1.8,-3.5
2G2U_A_B,2.762430097692083,88,1.8,0,-0.7,1.8,-0.9,1.8,-3.5,-3.5
2G2U_A_B,-0.9556158735613612,88,1.8,2,-4.5,1.8,-3.5,-4.5,2.8,-1.6
2G2U_A_B,1.716103868138638,88,1.8,2,-3.5,-3.5,-4.5,-1.6,1.9,1.9
2G2U_A_B,-0.4263630699039012,88,1.8,0,-0.8,-0.7,2.8,4.2,4.2,3.8
2G2U_A_B,-2.0745799883181864,88,1.8,0,2.8,-3.9,4.2,3.8,2.5,-0.4
2G2U_A_B,-0.628402807653161,88,1.8,0,-3.9,4.2,4.2,2.5,-0.4,1.8
2G2U_A_B,2.3004779316444837,88,1.8,2,4.2,3.8,2.5,1.8,4.2,3.8
2G2U_A_B,-0.511925527962422,88,1.8,2,-4.5,-3.9,4.5,-1.3,-4.5,-3.5
2G2U_A_B,-1.9783483046703871,88,1.8,0,4.5,-3.2,-1.3,-3.5,-3.5,-3.5
2G2U_A_B,-0.2172156295708054,88,1.8,2,-3.2,-1.3,-4.5,-3.5,-3.5,3.8
2G2U_A_B,0.9582070362491296,88,1.8,0,1.8,1.8,-3.5,3.8,3.8,1.8
2G2U_A_B,-0.6119745508914293,88,1.8,2,1.8,-3.5,3.8,3.8,1.8,-0.7
2G2U_A_B,-0.4135828759469039,88,1.8,2,-3.5,-4.5,-0.9,-0.7,-3.5,3.8
2G2U_A_B,0.2756755287473533,88,1.8,0,-4.5,-0.9,-3.5,-3.5,3.8,-3.5
2G2U_A_B,-1.8462192062049096,88,1.8,0,-0.9,-3.5,-0.7,3.8,-3.5,-3.5
2G2U_A_B,-0.3422038011219588,88,1.8,3,-3.5,-0.7,-3.5,-3.5,-3.5,1.8
2G2U_A_B,1.1183349742690911,88,1.8,2,-3.5,-3.5,1.8,-1.6,-0.4,-3.5
2G2U_A_B,1.7842394101067849,88,1.8,0,1.8,3.8,-1.6,-3.5,1.8,-4.5
2G2U_A_B,0.6694252874888096,88,1.8,3,-0.7,-1.6,1.8,1.9,1.8,1.8
2G2U_A_B,0.5309177503258207,88,1.8,0,1.8,-0.8,1.9,1.8,-0.7,3.8
2G2U_A_B,-3.534089244952543,162,1.9,0,4.5,-3.2,-1.3,-3.5,-3.5,-3.5
2G2U_A_B,-1.468630145527096,168,-3.9,1,3.8,-4.5,-3.5,-0.4,-3.5,-3.5
2G2U_A_B,-0.4526379204546293,80,-5.7,0,-3.5,3.8,4.2,-1.3,-0.8,-1.6
2G2W_A_B,0.4526379204546294,23,-5.3,3,-3.5,3.8,4.2,-1.3,-0.8,-1.6
2G2U_A_B,-1.5477789192916962,0,0.0,0,-3.5,3.8,4.2,-1.3,-0.8,-1.6
2G2U_A_B,-4.39657389405282,50,-5.3,0,-3.5,3.8,4.2,-1.3,-0.8,-1.6
2G2U_A_B,-0.6728411952281708,80,-5.7,0,-3.5,3.8,4.2,-1.3,-0.8,-1.6
2G2U_A_B,-2.473492892753186,162,1.9,0,4.5,-3.2,-1.3,-3.5,-3.5,-3.5
3N4I_A_B,4.39657389405282,23,-5.3,0,-3.5,3.8,4.2,-1.3,-0.8,-1.6
1A22_A_B,0.0,0,0.0,1,-3.5,-3.5,1.8,3.8,-4.5,1.8
1A22_A_B,-0.4861239303749003,0,0.0,0,3.8,-4.5,1.8,-4.5,3.8,-3.2
1A22_A_B,0.1553527024620776,0,0.0,2,-3.2,-4.5,3.8,-3.5,3.8,1.8
1A22_A_B,-0.2197164534072277,0,0.0,3,-4.5,3.8,-3.2,3.8,1.8,2.8
1A22_A_B,-0.4470685027382144,0,0.0,0,-3.5,3.8,1.8,-3.5,-0.7,-1.3
1A22_A_B,-0.2111965078546659,0,0.0,4,3.8,1.8,2.8,-0.7,-1.3,-3.5
1A22_A_B,-0.5887226216060105,0,0.0,4,-3.5,-0.7,-1.3,-3.5,2.8,-3.5
1A22_A_B,0.1992339595815723,0,0.0,0,-3.5,-3.5,-3.9,-0.8,2.8,3.8
1A22_A_B,1.2238431783156951,0,0.0,0,-1.3,-0.8,2.8,-3.5,-3.5,-1.6
1A22_A_B,0.1079573341381771,0,0.0,3,-0.8,2.8,3.8,-3.5,-1.6,-3.5
1A22_A_B,0.4104304674362382,0,0.0,0,3.8,-3.5,-3.5,-3.5,-0.7,-0.8
1A22_A_B,0.3480437667418322,0,0.0,2,-1.6,-3.5,-0.7,3.8,2.5,2.8
1A22_A_B,0.4104304674362382,0,0.0,3,2.5,2.8,-0.8,-0.8,4.5,-1.6
1A22_A_B,1.2086596284463422,0,0.0,2,4.5,-1.6,-0.7,-0.8,-3.5,-4.5
1A22_A_B,0.1553527024620776,0,0.0,0,-1.6,-0.7,-1.6,-3.5,-4.5,-3.5
1A22_A_B,0.3141987837884388,0,0.0,0,-0.7,-1.6,-0.8,-4.5,-3.5,-3.5
1A22_A_B,1.6417218697449527,0,0.0,0,-1.6,-0.8,-3.5,-3.5,-3.5,-0.7
1A22_A_B,-0.4728171681306443,0,0.0,3,-0.8,-3.5,-4.5,-3.5,-0.7,-3.5
1A22_A_B,0.5881301993454872,0,0.0,3,-3.5,-3.5,-0.7,-3.5,-3.9,-0.8
1A22_A_B,0.3480437667418322,0,0.0,2,-0.8,-3.2,-3.5,-3.5,1.8,3.8
1A22_A_B,0.2783013689707604,0,0.0,0,-3.5,-3.5,1.8,3.8,-3.9,-3.5
1A22_A_B,-0.1547608723278501,0,0.0,0,-3.5,1.8,3.8,-3.9,-3.5,-1.3
1A22_A_B,0.7904888416399537,0,0.0,0,3.8,-3.9,-3.5,-0.4,3.8,3.8
1A22_A_B,2.013937400814086,0,0.0,2,-3.9,-3.5,-1.3,3.8,3.8,-1.3
1A22_A_B,-0.9241001085889652,0,0.0,0,-1.3,-0.4,3.8,-1.3,2.5,2.8
1A22_A_B,1.9059800666759084,0,0.0,0,-0.4,3.8,3.8,2.5,2.8,-4.5
1A22_A_B,0.4104304674362382,0,0.0,2,3.8,3.8,-1.3,2.8,-4.5,-3.9
1A22_A_B,2.424367868250324,0,0.0,0,-1.3,2.5,2.8,-3.9,-3.5,1.9
1A22_A_B,0.8058696025019707,0,0.0,2,2.5,2.8,-4.5,-3.5,1.9,-3.5
1A22_A_B,0.5425595659017161,0,0.0,3,-3.5,1.9,-3.5,4.2,-3.5,-0.7
1A22_A_B,-0.0119625482730935,0,0.0,4,-3.9,4.2,-3.5,2.8,3.8,-4.5
1A22_A_B,2.1150830213773393,88,1.8,2,-4.5,3.8,2.8,-3.5,1.8,1.9
1A22_A_B,1.6917904976884577,88,1.8,3,3.8,2.8,-3.5,1.8,1.9,3.8
1A22_A_B,0.6898193041139447,88,1.8,2,-3.5,-0.7,-1.3,-3.5,2.8,-3.5
1A22_A_B,0.5355520758330268,88,1.8,0,-0.7,-1.3,-3.5,2.8,-3.5,-3.5
1A22_A_B,0.1108528215704857,88,1.8,3,-3.5,-3.5,2.8,-3.5,1.8,-1.3
1A22_A_B,0.0,88,1.8,3,-3.5,2.8,-3.5,1.8,-1.3,4.5
1A22_A_B,-0.0941863413722983,88,1.8,3,2.8,-3.5,-3.5,-1.3,4.5,-1.6
1A22_A_B,0.5140178481607033,88,1.8,0,-3.5,-3.5,1.8,4.5,-1.6,-3.9
1A22_A_B,-0.0176767156579681,88,1.8,3,4.5,-1.6,-3.9,-3.5,-3.9,-1.3
1A22_A_B,-0.0546966445558974,88,1.8,3,2.8,-0.8,-3.5,4.5,-1.6,-0.7
1A22_A_B,-0.1820696853229609,88,1.8,2,4.5,-1.6,-0.7,-0.8,-3.5,-4.5
1A22_A_B,1.606979823098718,88,1.8,2,-1.6,-0.7,-1.6,-3.5,-4.5,-3.5
1A22_A_B,4.729052751872093,88,1.8,0,-0.7,-1.6,-0.8,-4.5,-3.5,-3.5
1A22_A_B,1.9398250496293017,88,1.8,2,-1.6,-0.8,-3.5,-3.5,-3.5,-0.7
1A22_A_B,3.303903102941918,88,1.8,2,-0.8,-3.5,-4.5,-3.5,-0.7,-3.5
1A22_A_B,-0.1820696853229609,88,1.8,3,3.8,-4.5,4.5,3.8,3.8,3.8
1A22_A_B,0.0812403512772938,88,1.8,0,-4.5,4.5,-0.8,3.8,3.8,4.5
1A22_A_B,0.2739314155570483,88,1.8,2,3.8,3.8,3.8,-3.5,-0.8,-0.9
1A22_A_B,0.9933779115931654,88,1.8,2,3.8,4.5,-3.5,-0.9,3.8,-3.5
1A22_A_B,0.9701543075965654,88,1.8,3,4.5,-3.5,-0.8,3.8,-3.5,-1.6
1A22_A_B,1.4857157267162846,88,1.8,2,-3.5,3.8,-3.5,-4.5,4.5,-3.5
1A22_A_B,2.129584791090771,88,1.8,0,3.8,-3.5,-3.5,4.5,-3.5,-0.7
1A22_A_B,0.0171642742586113,88,1.8,3,-3.5,-3.5,-4.5,-3.5,-0.7,3.8
1A22_A_B,-0.0176767156579681,88,1.8,3,-3.5,-4.5,4.5,-0.7,3.8,1.9
1A22_A_B,4.729052751872093,88,1.8,0,4.5,-3.5,-0.7,1.9,-0.4,-4.5
1A22_A_B,-0.6166719170864998,88,1.8,0,-0.7,3.8,1.9,-4.5,3.8,-3.5
1A22_A_B,-0.0941863413722983,88,1.8,3,-3.5,-0.7,-3.5,-3.2,-3.5,-3.5
1A22_A_B,0.8906033326435482,88,1.8,2,-3.9,-3.5,1.9,-3.9,4.2,-3.5
1A22_A_B,0.2739314155570483,88,1.8,0,-3.5,1.9,-3.5,4.2,-3.5,-0.7
1A22_A_B,0.2954656432293718,88,1.8,0,1.9,-3.5,-3.9,-3.5,-0.7,2.8
1A22_A_B,0.0338449829533934,88,1.8,0,-3.5,-3.9,4.2,-0.7,2.8,3.8
1A22_A_B,0.1789883635386327,88,1.8,1,-0.8,-4.5,3.8,-3.5,-3.5,1.8
1A22_A_B,0.2739314155570483,88,1.8,4,-1.3,-3.5,-3.5,-3.5,-3.5,1.8
1A22_A_B,0.2041890177859766,88,1.8,4,-3.5,1.8,-1.3,-1.6,-3.9,-3.5
1A22_A_B,0.0500686279435048,89,-0.8,1,3.8,2.5,2.8,-3.5,-0.8,4.5
1A22_A_B,1.760643149236519,88,1.8,2,-0.8,4.5,-1.6,-1.6,-0.8,-3.5
1A22_A_B,0.2041890177859766,88,1.8,4,2.8,-3.5,-0.7,-0.8,-3.2,-3.5
1A22_A_B,0.784963520054798,88,1.8,1,-4.5,-3.9,-3.5,-3.5,-3.9,4.2
1A22_A_B,0.5212832890067239,166,3.8,2,-4.5,3.8,2.8,-3.5,1.8,1.9
1A22_A_B,0.9998492984111093,162,1.9,2,-4.5,3.8,2.8,-3.5,1.8,1.9
1A22_A_B,-0.1321290984654778,89,-0.8,1,3.8,2.5,2.8,-3.5,-0.8,4.5
1A22_A_B,0.268976357352644,88,1.8,4,4.5,-1.6,3.8,-4.5,3.8,2.8
1A22_A_B,1.2312914023087145,88,1.8,1,-0.8,-4.5,3.8,-3.5,-3.5,1.8
1A22_A_B,0.2783013689707603,88,1.8,2,-4.5,3.8,2.8,-3.5,1.8,1.9
1A22_A_B,0.6505169000398933,88,1.8,3,3.8,2.8,-3.5,1.8,1.9,3.8
1A22_A_B,0.4177861645129038,88,1.8,2,-3.5,-0.7,-1.3,-3.5,2.8,-3.5
1A22_A_B,0.5989952014285315,88,1.8,0,-0.7,-1.3,-3.5,2.8,-3.5,-3.5
1A22_A_B,-0.0790674093891881,88,1.8,3,2.8,-3.5,-3.5,-1.3,4.5,-1.6
1A22_A_B,-0.0790674093891881,88,1.8,4,-1.3,4.5,-1.6,-3.5,-3.5,-3.9
1A22_A_B,0.1438547489558554,88,1.8,4,-1.6,-3.9,-3.5,-3.9,-1.3,-0.8
1A22_A_B,0.782645998505371,88,1.8,4,-3.9,-3.5,-3.5,-1.3,-0.8,2.8
1A22_A_B,0.1776997319092488,88,1.8,4,-3.5,-1.6,-3.5,-0.8,3.8,2.5
1A22_A_B,0.0428229440584976,88,1.8,1,-3.5,-0.7,-3.5,-3.9,-0.8,-3.5
1A22_A_B,0.9818799580869432,88,1.8,2,3.8,4.5,-3.5,-0.9,3.8,-3.5
1A22_A_B,0.4104304674362382,88,1.8,3,4.5,-3.5,-0.8,3.8,-3.5,-1.6
1A22_A_B,1.085119131803432,88,1.8,4,-3.5,-1.6,4.2,2.8,3.8,-4.5
1A22_A_B,0.0827566798908331,88,1.8,1,1.9,-0.4,-4.5,-3.5,-3.5,-0.4
1A22_A_B,-0.0790674093891881,88,1.8,1,-4.5,3.8,-3.5,-0.4,-0.8,-1.6
1A22_A_B,0.0,88,1.8,1,-0.4,-0.8,-1.6,-0.7,-0.4,-3.5
1A22_A_B,0.1992339595815724,88,1.8,1,-0.8,-1.6,-4.5,-0.4,-3.5,4.5
1A22_A_B,0.2400864326036549,88,1.8,4,1.8,3.8,3.8,-3.5,-1.3,-0.4
1A22_A_B,-0.0461630557042945,88,1.8,4,3.8,-3.9,-3.5,-0.4,3.8,3.8
1A22_A_B,0.1992339595815724,88,1.8,4,-3.9,-3.5,-1.3,3.8,3.8,-1.3
1A22_A_B,-0.0790674093891881,88,1.8,4,-3.5,-1.3,-0.4,3.8,-1.3,2.5
1A22_A_B,-0.0623867006944061,88,1.8,1,-0.4,3.8,3.8,2.5,2.8,-4.5
1A22_A_B,0.0564356355268155,88,1.8,1,3.8,-1.3,2.5,-4.5,-3.9,-3.5
1A22_A_B,-0.1904180250200977,88,1.8,1,2.5,2.8,-4.5,-3.5,1.9,-3.5
1A22_A_B,0.4995885718361961,88,1.8,1,-4.5,-3.9,-3.5,-3.5,-3.9,4.2
1A22_A_B,0.33136305804705,88,1.8,0,-3.5,1.9,-3.5,4.2,-3.5,-0.7
1A22_A_B,0.1079573341381771,88,1.8,4,2.8,3.8,-4.5,4.2,-3.5,2.5
1A22_A_B,0.5425595659017161,88,1.8,0,-3.5,-3.5,1.8,4.5,-1.6,-3.9
1A22_A_B,0.166631633957295,88,1.8,3,4.5,-1.6,-3.9,-3.5,-3.9,-1.3
1A22_A_B,4.632821068224293,88,1.8,0,-0.7,-1.6,-0.8,-4.5,-3.5,-3.5
1A22_A_B,2.7832766370752,189,2.8,0,-0.7,-1.6,-0.8,-4.5,-3.5,-3.5
1A22_A_B,0.1992339595815724,88,1.8,4,-0.8,3.8,2.5,-0.8,-3.5,-0.8
1A22_A_B,0.2595021392325413,88,1.8,1,3.8,-0.8,-4.5,2.8,-3.5,-3.5
1A22_A_B,-0.0149913323705056,88,1.8,1,-3.5,1.8,1.9,-4.5,1.8,-3.2
1A22_A_B,0.0697423977710717,88,1.8,4,-4.5,1.8,-3.2,3.8,-3.2,-3.5
1A22_A_B,-0.440802560668761,88,1.8,4,-1.3,-3.5,-3.5,-3.5,-3.5,1.8
1A22_A_B,-0.440802560668761,88,1.8,3,-3.5,-3.5,2.8,-3.5,1.8,-1.3
1A22_A_B,-0.5807745022688214,88,1.8,3,-3.5,2.8,-3.5,1.8,-1.3,4.5
1A22_A_B,-0.2550777649741607,88,1.8,4,-3.5,1.8,-1.3,-1.6,-3.9,-3.5
1A22_A_B,-0.4104304674362382,88,1.8,1,1.8,-1.3,4.5,-3.9,-3.5,-3.5
1A22_A_B,-0.2550777649741607,88,1.8,4,2.5,2.8,-0.8,-0.8,4.5,-1.6
1A22_A_B,-0.327673787545405,88,1.8,3,2.8,-0.8,-3.5,4.5,-1.6,-0.7
1A22_A_B,-0.5066621510840377,88,1.8,3,-0.8,-3.5,-0.8,-1.6,-0.7,-1.6
1A22_A_B,-0.0149913323705056,88,1.8,4,-3.5,-0.8,4.5,-0.7,-1.6,-0.8
1A22_A_B,1.085119131803432,88,1.8,2,-0.8,4.5,-1.6,-1.6,-0.8,-3.5
1A22_A_B,0.4668661029630538,88,1.8,2,4.5,-1.6,-0.7,-0.8,-3.5,-4.5
1A22_A_B,0.4322289780854997,88,1.8,2,-1.6,-0.7,-1.6,-3.5,-4.5,-3.5
1A22_A_B,0.1321290984654777,88,1.8,2,-1.6,-0.8,-3.5,-3.5,-3.5,-0.7
1A22_A_B,2.6253614903453464,88,1.8,2,-0.8,-3.5,-4.5,-3.5,-0.7,-3.5
1A22_A_B,1.1415547673302475,88,1.8,1,3.8,3.8,4.5,-0.8,-0.9,3.8
1A22_A_B,0.588130199345487,88,1.8,1,-3.5,-0.8,-0.9,-3.5,-1.6,4.2
1A22_A_B,-0.0461630557042945,88,1.8,1,-0.8,-0.9,3.8,-1.6,4.2,-3.5
1A22_A_B,-0.0303720932325227,88,1.8,1,-0.9,3.8,-3.5,4.2,-3.5,2.8
1A22_A_B,-0.4312089502708064,0,0.0,0,-3.5,3.8,1.8,-3.5,-0.7,-1.3
1A22_A_B,-0.3924858820609671,0,0.0,0,-3.5,3.8,1.8,-3.5,-0.7,-1.3
1A22_A_B,2.1768332116536495,88,1.8,2,-4.5,3.8,2.8,-3.5,1.8,1.9
1A22_A_B,1.7768042212151962,88,1.8,3,3.8,2.8,-3.5,1.8,1.9,3.8
1A22_A_B,0.1776997319092489,88,1.8,4,-1.3,-3.5,-3.5,-3.5,-3.5,1.8
1A22_A_B,0.0775852409056543,88,1.8,3,-3.5,-3.5,2.8,-3.5,1.8,-1.3
1A22_A_B,0.0,88,1.8,3,-3.5,2.8,-3.5,1.8,-1.3,4.5
1A22_A_B,-0.12258439335047,88,1.8,3,2.8,-3.5,-3.5,-1.3,4.5,-1.6
1A22_A_B,0.5770621013935332,88,1.8,0,-3.5,-3.5,1.8,4.5,-1.6,-3.9
1A22_A_B,0.0,88,1.8,3,4.5,-1.6,-3.9,-3.5,-3.9,-1.3
1A22_A_B,-0.12258439335047,88,1.8,3,2.8,-0.8,-3.5,4.5,-1.6,-0.7
1A22_A_B,-0.2222965272061261,88,1.8,2,4.5,-1.6,-0.7,-0.8,-3.5,-4.5
1A22_A_B,1.7768042212151962,88,1.8,2,-1.6,-0.7,-1.6,-3.5,-4.5,-3.5
1A22_A_B,1.9772993655121096,88,1.8,2,-1.6,-0.8,-3.5,-3.5,-3.5,-0.7
1A22_A_B,0.0,88,1.8,2,-4.5,-3.5,-3.5,-3.5,-3.5,-3.9
1A22_A_B,-0.2222965272061261,88,1.8,3,3.8,-4.5,4.5,3.8,3.8,3.8
1A22_A_B,0.0775852409056543,88,1.8,0,-4.5,4.5,-0.8,3.8,3.8,4.5
1A22_A_B,0.0,88,1.8,0,4.5,-0.8,3.8,3.8,4.5,-3.5
1A22_A_B,0.1776997319092489,88,1.8,2,3.8,3.8,3.8,-3.5,-0.8,-0.9
1A22_A_B,0.9773512476748696,88,1.8,2,3.8,4.5,-3.5,-0.9,3.8,-3.5
1A22_A_B,0.9773512476748696,88,1.8,3,4.5,-3.5,-0.8,3.8,-3.5,-1.6
1A22_A_B,1.5752088387630856,88,1.8,2,-3.5,3.8,-3.5,-4.5,4.5,-3.5
1A22_A_B,2.1768332116536495,88,1.8,0,3.8,-3.5,-3.5,4.5,-3.5,-0.7
1A22_A_B,0.0,88,1.8,3,-3.5,-3.5,-4.5,-3.5,-0.7,3.8
1A22_A_B,0.0,88,1.8,3,-3.5,-4.5,4.5,-0.7,3.8,1.9
1A22_A_B,-0.7228555324745048,88,1.8,0,-0.7,3.8,1.9,-4.5,3.8,-3.5
1A22_A_B,0.1776997319092489,88,1.8,4,2.8,-3.5,-0.7,-0.8,-3.2,-3.5
1A22_A_B,-0.12258439335047,88,1.8,3,-3.5,-0.7,-3.5,-3.2,-3.5,-3.5
1A22_A_B,0.877296570399292,88,1.8,2,-3.9,-3.5,1.9,-3.9,4.2,-3.5
1A22_A_B,0.1776997319092489,88,1.8,0,-3.5,1.9,-3.5,4.2,-3.5,-0.7
1A22_A_B,0.2783013689707603,88,1.8,0,1.9,-3.5,-3.9,-3.5,-0.7,2.8
1A22_A_B,-0.0546966445558974,0,0.0,4,0.0,0.0,2.8,-0.7,4.5,-1.6
1A22_A_B,-0.0546966445558974,0,0.0,4,0.0,2.8,-1.6,4.5,-1.6,3.8
1A22_A_B,0.4104304674362382,0,0.0,4,2.8,-1.6,-0.7,-1.6,3.8,-0.8
1A22_A_B,0.4359938328740968,0,0.0,4,-1.6,-0.7,4.5,3.8,-0.8,-4.5
1A22_A_B,0.6387912495495155,0,0.0,1,-0.7,4.5,-1.6,-0.8,-4.5,3.8
1A22_A_B,0.3461055456986169,0,0.0,4,4.5,-1.6,3.8,-4.5,3.8,2.8
1A22_A_B,0.2041890177859766,0,0.0,4,-1.6,3.8,-0.8,3.8,2.8,-3.5
1A22_A_B,-0.0358974148176783,0,0.0,4,3.8,-0.8,-4.5,2.8,-3.5,-3.5
1A22_A_B,1.0492217169857538,0,0.0,1,-0.8,-4.5,3.8,-3.5,-3.5,1.8
1A22_A_B,0.0962316836477994,0,0.0,4,3.8,2.8,-3.5,1.8,1.9,3.8
1A22_A_B,0.4684472147169321,0,0.0,1,-3.5,-3.5,1.8,3.8,-4.5,1.8
1A22_A_B,0.1526673191746151,0,0.0,4,-3.5,1.8,1.9,-4.5,1.8,-3.2
1A22_A_B,0.2400864326036549,0,0.0,1,1.8,1.9,3.8,1.8,-3.2,-4.5
1A22_A_B,-0.2062414496502616,0,0.0,0,3.8,-4.5,1.8,-4.5,3.8,-3.2
1A22_A_B,0.0500686279435048,0,0.0,4,-4.5,1.8,-3.2,3.8,-3.2,-3.5
1A22_A_B,0.8788776821531703,0,0.0,1,-0.8,3.8,2.5,-0.8,-3.5,-0.8
1A22_A_B,0.1108528215704857,0,0.0,1,3.8,2.5,2.8,-3.5,-0.8,4.5
1A22_A_B,0.8380252091310877,0,0.0,3,2.5,2.8,-0.8,-0.8,4.5,-1.6
1A22_A_B,0.2041890177859766,0,0.0,4,2.8,-0.8,-3.5,4.5,-1.6,-0.7
1A22_A_B,1.6588861440035645,0,0.0,1,-0.8,-3.5,-0.8,-1.6,-0.7,-1.6
1A22_A_B,0.3837134845753549,0,0.0,4,-3.5,-0.8,4.5,-0.7,-1.6,-0.8
1A22_A_B,0.6387912495495155,0,0.0,0,-1.6,-0.7,-1.6,-3.5,-4.5,-3.5
1A22_A_B,0.70589611066561,0,0.0,0,-0.7,-1.6,-0.8,-4.5,-3.5,-3.5
1A22_A_B,1.8002477271708048,0,0.0,0,-1.6,-0.8,-3.5,-3.5,-3.5,-0.7
1A22_A_B,-0.3141987837884387,0,0.0,3,-0.8,-3.5,-4.5,-3.5,-0.7,-3.5
1A22_A_B,0.4359938328740968,0,0.0,4,-3.5,-4.5,-3.5,-0.7,-3.5,-3.5
1A22_A_B,0.9868350162913476,0,0.0,3,-3.5,-3.5,-0.7,-3.5,-3.9,-0.8
1A22_A_B,-0.0546966445558974,0,0.0,4,-3.5,-0.7,-3.5,-3.9,-0.8,-3.5
1A22_A_B,0.5212832890067239,0,0.0,4,-0.7,-3.5,-3.5,-0.8,-3.5,3.8
1A22_A_B,0.4104304674362382,0,0.0,4,-3.5,-3.5,-3.9,-3.5,3.8,-3.5
1A22_A_B,-0.2062414496502616,0,0.0,1,-3.9,-0.8,-3.5,-3.5,3.8,3.8
1A22_A_B,-0.1588460813263611,0,0.0,0,-3.5,-3.5,1.8,3.8,-3.9,-3.5
1A22_A_B,0.0500686279435048,0,0.0,0,-3.5,1.8,3.8,-3.9,-3.5,-1.3
1A22_A_B,1.1571790511239308,0,0.0,0,3.8,-3.9,-3.5,-0.4,3.8,3.8
1A22_A_B,1.5424088643128249,0,0.0,2,-3.9,-3.5,-1.3,3.8,3.8,-1.3
1A22_A_B,-0.8949732860572602,0,0.0,0,-1.3,-0.4,3.8,-1.3,2.5,2.8
1A22_A_B,1.6897866852854413,1,-2.6,0,-0.4,3.8,3.8,2.5,2.8,-4.5
1A22_A_B,1.6373519163312409,0,0.0,2,3.8,3.8,-1.3,2.8,-4.5,-3.9
1A22_A_B,1.2692341594018943,26,-5.3,0,-1.3,2.5,2.8,-3.9,-3.5,1.9
1A22_A_B,0.5894188309748709,0,0.0,2,2.5,2.8,-4.5,-3.5,1.9,-3.5
1A22_A_B,0.0,0,0.0,1,2.8,-4.5,-3.9,1.9,-3.5,-3.9
1A22_A_B,0.2739314155570483,0,0.0,1,-4.5,-3.9,-3.5,-3.5,-3.9,4.2
1A22_A_B,1.0188496237532307,0,0.0,0,-3.9,-3.5,1.9,-3.9,4.2,-3.5
1A22_A_B,0.4359938328740968,0,0.0,3,-3.5,1.9,-3.5,4.2,-3.5,-0.7
1A22_A_B,-0.0546966445558974,0,0.0,4,1.9,-3.5,-3.9,-3.5,-0.7,2.8
1A22_A_B,0.8788776821531703,0,0.0,1,-3.5,-3.9,4.2,-0.7,2.8,3.8
1A22_A_B,-0.1364990518791898,0,0.0,4,-3.9,4.2,-3.5,2.8,3.8,-4.5
1A22_A_B,0.3461055456986169,0,0.0,4,4.2,-3.5,-0.7,3.8,-4.5,4.5
1A22_A_B,-0.2062414496502616,0,0.0,4,-3.5,-0.7,2.8,-4.5,4.5,4.2
1A22_A_B,0.191722746811301,0,0.0,3,3.8,-4.5,4.5,-3.5,2.5,-4.5
1A22_A_B,0.3162441260639398,78,1.9999999999999998,1,-0.8,-3.5,-0.8,-1.6,-0.7,-1.6
1A22_A_B,-0.3141987837884387,80,-5.7,0,-1.6,-0.8,-3.5,-3.5,-3.5,-0.7
1A22_A_B,1.2692341594018943,105,-3.1,2,3.8,3.8,-1.3,2.8,-4.5,-3.9
1A22_A_B,0.9529900333379542,80,-5.7,0,-1.3,2.5,2.8,-3.9,-3.5,1.9
1BP3_A_B,0.0,0,0.0,1,-0.8,-4.5,3.8,-3.5,-3.5,1.8
1BP3_A_B,-0.2965220681304707,0,0.0,4,3.8,2.8,-3.5,1.8,1.9,3.8
1BP3_A_B,0.0,0,0.0,4,-3.5,1.8,1.9,-4.5,1.8,-3.2
1BP3_A_B,0.0,0,0.0,4,1.8,1.9,3.8,1.8,-3.2,-4.5
1BP3_A_B,2.910491798625224,0,0.0,3,3.8,-4.5,1.8,-4.5,3.8,-3.2
1BP3_A_B,0.0,0,0.0,4,-4.5,1.8,-3.2,3.8,-3.2,-3.5
1BP3_A_B,2.6704053660215687,0,0.0,2,-3.2,-4.5,3.8,-3.5,3.8,1.8
1BP3_A_B,1.1496551125345549,0,0.0,0,-3.5,3.8,1.8,-3.5,-0.7,-1.3
1BP3_A_B,0.3828847566584116,50,-5.3,4,3.8,1.8,2.8,-0.7,-1.3,-3.5
1BP3_A_B,0.209399462469269,0,0.0,1,-0.8,3.8,2.5,-0.8,-3.5,-0.8
1BP3_A_B,0.2460374977712453,0,0.0,1,3.8,2.5,2.8,-3.5,-0.8,4.5
1BP3_A_B,-0.1188223362212217,0,0.0,4,2.5,2.8,-0.8,-0.8,4.5,-1.6
1BP3_A_B,0.0348409899165794,0,0.0,4,2.8,-0.8,-3.5,4.5,-1.6,-0.7
1BP3_A_B,1.728172665705539,0,0.0,1,-0.8,-3.5,-0.8,-1.6,-0.7,-1.6
1BP3_A_B,0.1567313433642652,0,0.0,4,-3.5,-0.8,4.5,-0.7,-1.6,-0.8
1BP3_A_B,1.414942199385554,0,0.0,3,-1.6,-0.7,-1.6,-3.5,-4.5,-3.5
1BP3_A_B,0.8557019247890559,0,0.0,0,-0.7,-1.6,-0.8,-4.5,-3.5,-3.5
1BP3_A_B,0.3539948319094225,0,0.0,3,-1.6,-0.8,-3.5,-3.5,-3.5,-0.7
1BP3_A_B,0.5461373773912672,0,0.0,3,-0.8,-3.5,-4.5,-3.5,-0.7,-3.5
1BP3_A_B,0.0677453436014729,0,0.0,4,-3.5,-4.5,-3.5,-0.7,-3.5,-3.5
1BP3_A_B,0.1139083993057674,0,0.0,3,-3.5,-3.5,-0.7,-3.5,-3.9,-0.8
1BP3_A_B,-0.2137653882396374,0,0.0,4,-3.5,-0.7,-3.5,-3.9,-0.8,-3.5
1BP3_A_B,0.2460374977712453,0,0.0,1,-0.7,-3.5,-3.5,-0.8,-3.5,3.8
1BP3_A_B,0.6134969711419638,0,0.0,4,-3.5,-3.5,-3.9,-3.5,3.8,-3.5
1BP3_A_B,0.3539948319094225,0,0.0,1,-3.9,-0.8,-3.5,-3.5,3.8,3.8
1BP3_A_B,0.209399462469269,0,0.0,1,-3.5,-3.5,1.8,3.8,-3.9,-3.5
1BP3_A_B,0.4452714573528176,0,0.0,2,3.8,-3.9,-3.5,-0.4,3.8,3.8
1BP3_A_B,3.925868532657584,0,0.0,0,-1.3,-0.4,3.8,-1.3,2.5,2.8
1BP3_A_B,1.7272027621307773,0,0.0,0,-0.4,3.8,3.8,2.5,2.8,-4.5
1BP3_A_B,0.0677453436014729,0,0.0,0,-1.3,2.5,2.8,-3.9,-3.5,1.9
1BP3_A_B,3.1887931675959846,0,0.0,2,2.5,2.8,-4.5,-3.5,1.9,-3.5
1BP3_A_B,3.491266300894045,0,0.0,0,-4.5,-3.9,-3.5,-3.5,-3.9,4.2
1BP3_A_B,0.493966773509483,1,-2.6,0,-3.9,-3.5,1.9,-3.9,4.2,-3.5
1BP3_A_B,1.90955787816546,0,0.0,2,-3.5,1.9,-3.5,4.2,-3.5,-0.7
1BP3_A_B,1.1496551125345549,0,0.0,0,-3.5,-3.9,4.2,-0.7,2.8,3.8
1BP3_A_B,0.3539948319094225,0,0.0,2,-3.9,4.2,-3.5,2.8,3.8,-4.5
1BP3_A_B,-0.1643929696649928,74,0.09999999999999987,2,-3.9,4.2,-3.5,2.8,3.8,-4.5
1BP3_A_B,-0.2965220681304707,0,0.0,1,4.2,-3.5,-0.7,3.8,-4.5,4.5
1BP3_A_B,0.0,0,0.0,1,-3.5,-0.7,2.8,-4.5,4.5,4.2
1BP3_A_B,0.5671618108005034,0,0.0,3,2.8,3.8,-4.5,4.2,-3.5,2.5
1BP3_A_B,-0.1188223362212217,0,0.0,1,3.8,-4.5,4.5,-3.5,2.5,-4.5
1BP3_A_B,0.2805400332630626,0,0.0,1,-4.5,4.5,4.2,2.5,-4.5,-0.8
1BP3_A_B,0.0,0,0.0,4,4.5,4.2,-3.5,-4.5,-0.8,4.2
1BP3_A_B,0.0,0,0.0,4,4.2,-3.5,2.5,-0.8,4.2,-3.5
1BP3_A_B,-0.2965220681304707,0,0.0,3,-3.5,2.5,-4.5,4.2,-3.5,-0.4
1BP3_A_B,0.1865676798226946,0,0.0,3,3.8,-4.5,1.8,-4.5,3.8,-3.2
1BP3_A_B,-0.1776997319092489,0,0.0,2,-3.2,-4.5,3.8,-3.5,3.8,1.8
1BP3_A_B,1.7847159702934752,0,0.0,1,-0.8,-3.5,-0.8,-1.6,-0.7,-1.6
1BP3_A_B,2.120675113511807,0,0.0,0,-1.3,-0.4,3.8,-1.3,2.5,2.8
1BP3_A_B,2.021202841660106,0,0.0,2,2.5,2.8,-4.5,-3.5,1.9,-3.5
1BP3_A_B,0.1703440348325832,0,0.0,0,-4.5,-3.9,-3.5,-3.5,-3.9,4.2
1BP3_A_B,1.9441950030430135,0,0.0,2,-3.5,1.9,-3.5,4.2,-3.5,-0.7
3MZG_A_B,0.2041890177859767,0,0.0,4,-4.5,-1.3,-0.7,-0.4,-4.5,-0.4
3MZG_A_B,0.0374098703015509,0,0.0,4,-4.5,-1.3,-0.7,-0.4,-4.5,-0.4
3MZG_A_B,0.0989170669352618,0,0.0,4,-4.5,-1.3,-0.7,-0.4,-4.5,-0.4
3MZG_A_B,0.1533801138879922,0,0.0,4,-4.5,-1.3,-0.7,-0.4,-4.5,-0.4
3MZG_A_B,0.1779424562414036,0,0.0,4,-4.5,-1.3,-0.7,-0.4,-4.5,-0.4
3MZG_A_B,0.1667919785897683,0,0.0,4,-4.5,-1.3,-0.7,-0.4,-4.5,-0.4
3MZG_A_B,0.0338449829533934,0,0.0,1,-3.5,-0.8,2.5,-0.7,-0.8,-0.8
3MZG_A_B,0.5677602201490599,0,0.0,1,-3.5,-0.8,2.5,-0.7,-0.8,-0.8
3MZG_A_B,0.5620666570511943,0,0.0,1,-3.5,-0.8,2.5,-0.7,-0.8,-0.8
3MZG_A_B,0.6044505562281164,0,0.0,1,-3.5,-0.8,2.5,-0.7,-0.8,-0.8
3MZG_A_B,0.4233972483727083,0,0.0,1,-3.5,-0.8,2.5,-0.7,-0.8,-0.8
3MZG_A_B,0.2595935237531332,0,0.0,1,-3.5,-0.8,2.5,-0.7,-0.8,-0.8
3MZG_A_B,-0.0623867006944061,0,0.0,1,-1.6,3.8,-1.3,3.8,4.2,-0.7
3MZG_A_B,0.0102093218768384,0,0.0,1,-1.6,3.8,-1.3,3.8,4.2,-0.7
3MZG_A_B,0.0330574765199852,0,0.0,1,-1.6,3.8,-1.3,3.8,4.2,-0.7
3MZG_A_B,0.1904386706155392,0,0.0,1,-1.6,3.8,-1.3,3.8,4.2,-0.7
3MZG_A_B,0.2032779143595631,0,0.0,1,-1.6,3.8,-1.3,3.8,4.2,-0.7
3MZG_A_B,0.1013094984727706,0,0.0,1,-1.6,3.8,-1.3,3.8,4.2,-0.7
3MZG_A_B,-0.3966594746703593,0,0.0,1,-0.8,-3.5,4.2,-1.6,-3.5,-0.7
3MZG_A_B,-0.4614842671690448,0,0.0,1,-0.8,-3.5,4.2,-1.6,-3.5,-0.7
3MZG_A_B,-0.1526673191746151,0,0.0,1,-0.8,-3.5,4.2,-1.6,-3.5,-0.7
3MZG_A_B,0.0574108226731891,0,0.0,1,-0.8,-3.5,4.2,-1.6,-3.5,-0.7
3MZG_A_B,0.168155026794241,0,0.0,1,-0.8,-3.5,4.2,-1.6,-3.5,-0.7
3MZG_A_B,0.0989170669352619,0,0.0,1,-0.8,-3.5,4.2,-1.6,-3.5,-0.7
3MZG_A_B,0.1251216083967886,0,0.0,2,-3.5,3.8,3.8,2.5,3.8,-4.5
3MZG_A_B,1.0902457958632614,0,0.0,2,-3.5,3.8,3.8,2.5,3.8,-4.5
3MZG_A_B,1.2162274208981818,0,0.0,2,-3.5,3.8,3.8,2.5,3.8,-4.5
3MZG_A_B,1.2074894291877802,0,0.0,2,-3.5,3.8,3.8,2.5,3.8,-4.5
3MZG_A_B,1.0326034326229043,0,0.0,2,-3.5,3.8,3.8,2.5,3.8,-4.5
3MZG_A_B,0.8671656305726624,0,0.0,2,-3.5,3.8,3.8,2.5,3.8,-4.5
3MZG_A_B,-0.2609914083570353,0,0.0,4,-4.5,4.5,4.5,-3.5,-3.5,-3.5
3MZG_A_B,0.3658500114807357,0,0.0,4,-4.5,4.5,4.5,-3.5,-3.5,-3.5
3MZG_A_B,0.6837951389833832,0,0.0,4,-4.5,4.5,4.5,-3.5,-3.5,-3.5
3MZG_A_B,0.689793311444772,0,0.0,4,-4.5,4.5,4.5,-3.5,-3.5,-3.5
3MZG_A_B,-0.0912766254433951,0,0.0,3,4.2,3.8,-0.8,-1.3,4.5,-3.2
3MZG_A_B,-0.1476196037444525,0,0.0,3,4.2,3.8,-0.8,-1.3,4.5,-3.2
3MZG_A_B,-0.3745330526185599,0,0.0,3,4.2,3.8,-0.8,-1.3,4.5,-3.2
3MZG_A_B,-0.1986421294473449,0,0.0,3,4.2,3.8,-0.8,-1.3,4.5,-3.2
3MZG_A_B,-0.1677862511577253,0,0.0,3,4.2,3.8,-0.8,-1.3,4.5,-3.2
3MZG_A_B,-0.07650962571433,0,0.0,3,4.2,3.8,-0.8,-1.3,4.5,-3.2
3MZG_A_B,0.1264627777130885,0,0.0,3,4.2,3.8,-0.8,-1.3,4.5,-3.2
3MZG_A_B,0.1229486665086828,0,0.0,3,4.2,3.8,-0.8,-1.3,4.5,-3.2
3MZG_A_B,0.2916081312150165,0,0.0,3,4.2,3.8,-0.8,-1.3,4.5,-3.2
3MZG_A_B,0.3236227386768998,0,0.0,3,4.2,3.8,-0.8,-1.3,4.5,-3.2
3MZG_A_B,-0.6858964311486665,0,0.0,0,-4.5,-3.5,-0.8,-3.9,4.5,-3.5
3MZG_A_B,0.7336820835688674,0,0.0,0,-4.5,-3.5,-0.8,-3.9,4.5,-3.5
3MZG_A_B,1.6688033500011563,0,0.0,0,-4.5,-3.5,-0.8,-3.9,4.5,-3.5
3MZG_A_B,1.4442167464280276,0,0.0,0,-4.5,-3.5,-0.8,-3.9,4.5,-3.5
3MZG_A_B,1.480702846530486,0,0.0,0,-4.5,-3.5,-0.8,-3.9,4.5,-3.5
3MZG_A_B,1.8205196103976975,0,0.0,0,-4.5,-3.5,-0.8,-3.9,4.5,-3.5
3MZG_A_B,1.6291732503938146,0,0.0,0,-4.5,-3.5,-0.8,-3.9,4.5,-3.5
3MZG_A_B,1.6140138807950055,0,0.0,0,-4.5,-3.5,-0.8,-3.9,4.5,-3.5
3MZG_A_B,1.5345641657080418,0,0.0,0,-4.5,-3.5,-0.8,-3.9,4.5,-3.5
3MZG_A_B,-0.8739226239487661,0,0.0,2,-3.2,-1.3,4.5,-3.5,3.8,-0.8
3MZG_A_B,-0.2969392051677996,0,0.0,2,-3.2,-1.3,4.5,-3.5,3.8,-0.8
3MZG_A_B,-0.2218657334439447,0,0.0,2,-3.2,-1.3,4.5,-3.5,3.8,-0.8
3MZG_A_B,0.0904301263714212,0,0.0,2,-3.2,-1.3,4.5,-3.5,3.8,-0.8
3MZG_A_B,0.2868899707933279,0,0.0,2,-3.2,-1.3,4.5,-3.5,3.8,-0.8
3MZG_A_B,0.2805400332630627,0,0.0,2,-3.2,-1.3,4.5,-3.5,3.8,-0.8
3MZG_A_B,0.2853088590394496,0,0.0,2,-3.2,-1.3,4.5,-3.5,3.8,-0.8
3MZG_A_B,0.3630350991123377,0,0.0,2,-3.2,-1.3,4.5,-3.5,3.8,-0.8
3MZG_A_B,0.3828847566584116,0,0.0,2,-3.2,-1.3,4.5,-3.5,3.8,-0.8
3MZG_A_B,0.3236227386768998,0,0.0,2,-3.2,-1.3,4.5,-3.5,3.8,-0.8
3MZG_A_B,-0.4470685027382144,88,1.8,0,0.0,-3.5,2.5,0.0,0.0,0.0
3MZG_A_B,1.0562292070544428,88,1.8,0,0.0,-3.5,2.5,0.0,0.0,0.0
3MZG_A_B,2.0340113910016,88,1.8,0,0.0,-3.5,2.5,0.0,0.0,0.0
3MZG_A_B,1.9270689193742443,88,1.8,0,0.0,-3.5,2.5,0.0,0.0,0.0
3MZG_A_B,2.0930048102032734,88,1.8,0,0.0,-3.5,2.5,0.0,0.0,0.0
3MZG_A_B,2.4412109110140494,88,1.8,0,0.0,-3.5,2.5,0.0,0.0,0.0
3MZG_A_B,2.291378121377513,88,1.8,0,0.0,-3.5,2.5,0.0,0.0,0.0
3MZG_A_B,2.3416111883594906,88,1.8,0,0.0,-3.5,2.5,0.0,0.0,0.0
3MZG_A_B,2.248665190510674,88,1.8,0,0.0,-3.5,2.5,0.0,0.0,0.0
3MZG_A_B,0.2676321433814816,0,0.0,0,-4.5,-3.5,-0.8,-3.9,4.5,-3.5
3MZG_A_B,0.7761236949512209,0,0.0,0,-4.5,-3.5,-0.8,-3.9,4.5,-3.5
3MZG_A_B,1.0547470385709092,0,0.0,0,-4.5,-3.5,-0.8,-3.9,4.5,-3.5
3MZG_A_B,1.7114642675160243,0,0.0,0,-4.5,-3.5,-0.8,-3.9,4.5,-3.5
3MZG_A_B,2.036569174676458,0,0.0,0,-4.5,-3.5,-0.8,-3.9,4.5,-3.5
3MZG_A_B,2.201958151304637,0,0.0,0,-4.5,-3.5,-0.8,-3.9,4.5,-3.5
3MZG_A_B,2.032442844388997,0,0.0,0,-4.5,-3.5,-0.8,-3.9,4.5,-3.5
3MZG_A_B,2.4539803385435155,0,0.0,0,-4.5,-3.5,-0.8,-3.9,4.5,-3.5
3MZG_A_B,2.2717005490757085,0,0.0,0,-4.5,-3.5,-0.8,-3.9,4.5,-3.5
3MZG_A_B,2.2106024800106865,0,0.0,0,-4.5,-3.5,-0.8,-3.9,4.5,-3.5
3N06_A_B,0.091276625443395,65,-5.0,2,4.2,3.8,-0.8,-1.3,4.5,-3.2
3N06_A_B,0.1476196037444525,65,-5.0,2,4.2,3.8,-0.8,-1.3,4.5,-3.2
3N06_A_B,0.3745330526185599,65,-5.0,2,4.2,3.8,-0.8,-1.3,4.5,-3.2
3N06_A_B,0.1986421294473448,65,-5.0,2,4.2,3.8,-0.8,-1.3,4.5,-3.2
3N06_A_B,0.1677862511577252,65,-5.0,2,4.2,3.8,-0.8,-1.3,4.5,-3.2
3N06_A_B,0.07650962571433,65,-5.0,2,4.2,3.8,-0.8,-1.3,4.5,-3.2
3N06_A_B,-0.1264627777130886,65,-5.0,2,4.2,3.8,-0.8,-1.3,4.5,-3.2
3N06_A_B,-0.1229486665086828,65,-5.0,2,4.2,3.8,-0.8,-1.3,4.5,-3.2
3N06_A_B,-0.2916081312150165,65,-5.0,2,4.2,3.8,-0.8,-1.3,4.5,-3.2
3N06_A_B,-0.3236227386768998,65,-5.0,2,4.2,3.8,-0.8,-1.3,4.5,-3.2
3N0P_A_B,0.8739226239487661,65,-5.0,2,-3.2,-1.3,4.5,-3.5,3.8,-0.8
3N0P_A_B,0.2969392051677996,65,-5.0,2,-3.2,-1.3,4.5,-3.5,3.8,-0.8
3N0P_A_B,0.2218657334439447,65,-5.0,2,-3.2,-1.3,4.5,-3.5,3.8,-0.8
3N0P_A_B,-0.0904301263714213,65,-5.0,2,-3.2,-1.3,4.5,-3.5,3.8,-0.8
3N0P_A_B,-0.2868899707933279,65,-5.0,2,-3.2,-1.3,4.5,-3.5,3.8,-0.8
3N0P_A_B,-0.2805400332630626,65,-5.0,2,-3.2,-1.3,4.5,-3.5,3.8,-0.8
3N0P_A_B,-0.2853088590394496,65,-5.0,2,-3.2,-1.3,4.5,-3.5,3.8,-0.8
3N0P_A_B,-0.3630350991123377,65,-5.0,2,-3.2,-1.3,4.5,-3.5,3.8,-0.8
3N0P_A_B,-0.3828847566584116,65,-5.0,2,-3.2,-1.3,4.5,-3.5,3.8,-0.8
3N0P_A_B,-0.3236227386768998,65,-5.0,2,-3.2,-1.3,4.5,-3.5,3.8,-0.8
3NCB_A_B,0.6858964311486665,65,-5.0,0,-4.5,-3.5,-0.8,-3.9,4.5,-3.5
3NCB_A_B,-0.7336820835688674,65,-5.0,0,-4.5,-3.5,-0.8,-3.9,4.5,-3.5
3NCB_A_B,-1.6688033500011563,65,-5.0,0,-4.5,-3.5,-0.8,-3.9,4.5,-3.5
3NCB_A_B,-1.4442167464280276,65,-5.0,0,-4.5,-3.5,-0.8,-3.9,4.5,-3.5
3NCB_A_B,-1.480702846530486,65,-5.0,0,-4.5,-3.5,-0.8,-3.9,4.5,-3.5
3NCB_A_B,-1.8205196103976975,65,-5.0,0,-4.5,-3.5,-0.8,-3.9,4.5,-3.5
3NCB_A_B,-1.6291732503938146,65,-5.0,0,-4.5,-3.5,-0.8,-3.9,4.5,-3.5
3NCB_A_B,-1.6140138807950055,65,-5.0,0,-4.5,-3.5,-0.8,-3.9,4.5,-3.5
3NCB_A_B,-1.5345641657080418,65,-5.0,0,-4.5,-3.5,-0.8,-3.9,4.5,-3.5
3NCB_A_B,-0.2676321433814816,65,-5.0,0,-4.5,-3.5,-0.8,-3.9,4.5,-3.5
3NCB_A_B,-0.7761236949512209,65,-5.0,0,-4.5,-3.5,-0.8,-3.9,4.5,-3.5
3NCB_A_B,-1.0547470385709092,65,-5.0,0,-4.5,-3.5,-0.8,-3.9,4.5,-3.5
3NCB_A_B,-1.7114642675160248,65,-5.0,0,-4.5,-3.5,-0.8,-3.9,4.5,-3.5
3NCB_A_B,-2.036569174676458,65,-5.0,0,-4.5,-3.5,-0.8,-3.9,4.5,-3.5
3NCB_A_B,-2.201958151304637,65,-5.0,0,-4.5,-3.5,-0.8,-3.9,4.5,-3.5
3NCB_A_B,-2.032442844388997,65,-5.0,0,-4.5,-3.5,-0.8,-3.9,4.5,-3.5
3NCB_A_B,-2.4539803385435155,65,-5.0,0,-4.5,-3.5,-0.8,-3.9,4.5,-3.5
3NCB_A_B,-2.2717005490757085,65,-5.0,0,-4.5,-3.5,-0.8,-3.9,4.5,-3.5
3NCB_A_B,-2.2106024800106865,65,-5.0,0,-4.5,-3.5,-0.8,-3.9,4.5,-3.5
3NCC_A_B,0.4470685027382146,153,-3.2,0,0.0,-3.5,2.5,0.0,0.0,0.0
3NCC_A_B,-1.056229207054443,153,-3.2,0,0.0,-3.5,2.5,0.0,0.0,0.0
3NCC_A_B,-2.0340113910016,153,-3.2,0,0.0,-3.5,2.5,0.0,0.0,0.0
3NCC_A_B,-1.9270689193742443,153,-3.2,0,0.0,-3.5,2.5,0.0,0.0,0.0
3NCC_A_B,-2.093004810203274,153,-3.2,0,0.0,-3.5,2.5,0.0,0.0,0.0
3NCC_A_B,-2.4412109110140494,153,-3.2,0,0.0,-3.5,2.5,0.0,0.0,0.0
3NCC_A_B,-2.291378121377513,153,-3.2,0,0.0,-3.5,2.5,0.0,0.0,0.0
3NCC_A_B,-2.3416111883594906,153,-3.2,0,0.0,-3.5,2.5,0.0,0.0,0.0
3NCC_A_B,-2.248665190510674,153,-3.2,0,0.0,-3.5,2.5,0.0,0.0,0.0
1F47_A_B,0.6911256496586583,0,0.0,3,1.9,-3.5,-3.9,-3.9,-4.5,-3.9
1F47_A_B,0.8688885787503141,0,0.0,3,-3.5,-3.9,-1.6,-4.5,-3.9,-3.5
1F47_A_B,0.9249219352302598,0,0.0,0,-3.9,-1.6,-3.9,-3.9,-3.5,1.8
1F47_A_B,1.73270470902504,0,0.0,3,-1.6,-3.9,-4.5,-3.5,1.8,4.2
1F47_A_B,2.514860739773865,0,0.0,0,-3.9,-4.5,-3.9,1.8,4.2,4.5
1F47_A_B,-0.0575331817168647,0,0.0,3,-4.5,-3.9,-3.5,4.2,4.5,4.5
1F47_A_B,2.444137188505724,0,0.0,0,-3.5,1.8,4.2,4.5,1.9,-3.5
1F47_A_B,2.294063504664975,0,0.0,0,1.8,4.2,4.5,1.9,-3.5,4.2
1F47_A_B,-0.0426173804390055,0,0.0,3,4.5,4.5,1.9,4.2,1.8,1.8
1F47_A_B,-0.045570633443771,0,0.0,3,4.5,1.9,-3.5,1.8,1.8,-3.2
1F47_A_B,2.0637252006754947,1,-2.6,3,-1.6,-3.9,-4.5,-3.5,1.8,4.2
1F47_A_B,1.1387148290325546,-28,-2.2,3,-1.6,-3.9,-4.5,-3.5,1.8,4.2
1F5R_A_I,-1.1707294364944378,55,-5.3,1,4.5,-0.8,-0.4,-0.4,-3.5,-0.7
2J12_A_B,0.9529900333379542,0,0.0,4,4.5,-0.4,2.8,-1.6,-3.5,3.8
1KAC_A_B,-0.7929441015503791,1,-2.6,0,-1.6,-3.5,-1.6,-1.6,-3.5,2.5
1KAC_A_B,-1.2520698851432828,105,-3.1,3,-1.6,-3.5,1.8,-0.9,-0.4,-1.3
1P69_A_B,0.792944101550379,24,-3.4000000000000004,0,-1.6,-3.5,-1.6,-1.6,-3.5,2.5
1P6A_A_B,1.2520698851432828,1,-2.6,0,-1.6,-3.5,1.8,-0.9,-0.4,-1.3
5F4E_A_B,0.2834168359339363,0,0.0,3,-0.8,3.8,-3.5,-3.5,1.8,-1.3
5F4E_A_B,0.4084570835731796,80,-5.7,3,-0.8,3.8,-3.5,-3.5,1.8,-1.3
5F4E_A_B,0.1077882582896458,0,0.0,4,3.8,-3.5,-3.5,1.8,-1.3,1.9
5F4E_A_B,-0.0303820758241274,0,0.0,1,1.8,-4.5,2.8,-3.9,-3.5,1.8
5F4E_A_B,1.989931457847004,0,0.0,0,-3.9,-3.5,4.2,1.8,2.5,-4.5
5F4E_A_B,1.4645055883720048,0,0.0,0,-3.2,1.8,2.5,-3.9,-0.8,-1.3
5F4E_A_B,2.1067601307088095,50,-5.3,0,-3.2,1.8,2.5,-3.9,-0.8,-1.3
5F4E_A_B,1.424053660574576,88,1.8,0,-3.2,3.8,-3.5,-3.9,-3.2,-3.2
5F4E_A_B,2.2471625097290904,168,-3.9,0,-3.2,3.8,-3.5,-3.9,-3.2,-3.2
5F4E_A_B,1.0545461454348637,88,1.8,0,4.2,-3.9,-3.5,-3.5,-3.5,3.8
5F4E_A_B,2.9333648407042294,88,1.8,0,-3.5,1.8,-0.7,-3.5,-3.9,-0.4
5F4E_A_B,0.2894499572809482,88,1.8,3,-3.2,1.8,2.5,-3.9,-0.8,-1.3
5F4E_A_B,0.4775726489683063,138,-3.5,3,-3.2,1.8,2.5,-3.9,-0.8,-1.3
4G2V_A_B,2.2358031342580302,50,-5.3,2,-3.2,-1.3,3.8,-0.4,-3.5,2.8
4G2V_A_B,0.2218657334439447,85,-6.3,4,-3.5,3.8,-3.9,-4.5,1.8,4.2
4WND_A_B,2.7943103600597996,50,-5.3,2,-1.3,3.8,3.8,-3.5,2.8,-4.5
4WND_A_B,-0.0207784828345681,85,-6.3,0,3.8,-3.9,-3.5,1.8,4.2,-3.5
1FSS_A_B,0.3690061681987827,140,4.2,0,-3.5,3.8,3.8,-3.5,-0.7,-3.9
1FSS_A_B,-0.2321383132664658,166,4.5,0,3.8,3.8,4.2,-0.7,-3.9,-0.8
1FSS_A_B,1.198387048623821,114,-3.5,0,3.8,3.8,4.2,-0.7,-3.9,-0.8
1FSS_A_B,0.3151394130569386,168,-3.9,3,4.2,-3.5,-0.7,-0.8,-0.4,-3.9
1FSS_A_B,0.324464424675055,89,-0.8,0,-3.5,-0.7,-3.9,-0.4,-3.9,4.2
1FSS_A_B,2.43494182781092,189,2.8,0,-0.8,-0.8,-3.2,-0.8,1.8,2.8
1FSS_A_B,2.6626734694364633,162,1.9,0,-0.8,-0.8,-3.2,-0.8,1.8,2.8
1FSS_A_B,2.627778431233597,193,-1.3,0,-0.8,-0.8,-3.2,-0.8,1.8,2.8
1FSS_A_B,-0.6193451767061042,168,-3.9,3,-3.2,4.5,-0.8,2.8,3.8,-0.4
1FSS_A_B,-1.487601479902481,173,-4.5,3,-3.2,4.5,-0.8,2.8,3.8,-0.4
1FSS_A_B,1.081909768933082,173,-4.5,3,1.8,2.8,3.8,4.5,-1.6,2.8
1FSS_A_B,0.9367663883478426,189,2.8,0,2.8,3.8,-0.4,-1.6,2.8,1.8
1FSS_A_B,0.9625150537402726,166,3.8,0,2.8,3.8,-0.4,-1.6,2.8,1.8
1FSS_A_B,1.5717293659511553,143,-3.5,0,2.8,3.8,-0.4,-1.6,2.8,1.8
1FSS_A_B,1.3945922241079816,193,-1.3,0,2.8,3.8,-0.4,-1.6,2.8,1.8
1FSS_A_B,1.5850861578519828,116,-0.7,0,3.8,-0.4,4.5,2.8,1.8,-3.5
1FSS_A_B,1.4510278596347967,227,-0.9,0,-0.4,4.5,-1.6,1.8,-3.5,-1.6
1FSS_A_B,0.492490937958211,189,2.8,3,-4.5,2.8,-4.5,-1.6,-3.5,-1.6
1FSS_A_B,0.1159054534753663,227,-0.9,3,-4.5,2.8,-4.5,-1.6,-3.5,-1.6
1FSS_A_B,-0.534611446564527,173,-4.5,3,-4.5,2.8,-4.5,-1.6,-3.5,-1.6
1B41_A_B,1.1358003391452132,140,4.2,0,3.8,4.2,-0.7,-4.5,-0.4,-0.4
1B41_A_B,0.0246754870288827,166,4.5,0,4.2,-0.7,4.2,-0.4,-0.4,-4.5
1B41_A_B,3.6089852474708137,114,-3.5,0,4.2,-0.7,4.2,-0.4,-0.4,-4.5
1B41_A_B,0.6247682346474634,168,-3.9,3,4.2,-4.5,-0.4,-4.5,3.8,-4.5
1B41_A_B,0.7065706419707558,89,-0.8,0,-4.5,-0.4,-0.4,3.8,-4.5,-0.4
1B41_A_B,2.107011071642878,189,2.8,0,-1.6,4.2,-0.8,2.8,3.8,-0.4
1B41_A_B,1.4828152159670018,162,1.9,0,-1.6,4.2,-0.8,2.8,3.8,-0.4
1B41_A_B,2.3953204422369403,193,-1.3,0,-1.6,4.2,-0.8,2.8,3.8,-0.4
1B41_A_B,-0.8874620732869889,168,-3.9,3,-0.8,1.8,2.8,-0.4,4.5,-1.6
1B41_A_B,-0.4091719632430353,173,-4.5,3,-0.8,1.8,2.8,-0.4,4.5,-1.6
1B41_A_B,0.3912246973456262,173,-4.5,3,3.8,-0.4,4.5,2.8,1.8,-3.5
1B41_A_B,0.7784315607852645,189,2.8,0,-0.4,4.5,-1.6,1.8,-3.5,-1.6
1B41_A_B,1.810489003512407,166,3.8,0,-0.4,4.5,-1.6,1.8,-3.5,-1.6
1B41_A_B,1.5950478466567282,143,-3.5,0,-0.4,4.5,-1.6,1.8,-3.5,-1.6
1B41_A_B,0.7065706419707558,193,-1.3,0,-0.4,4.5,-1.6,1.8,-3.5,-1.6
1B41_A_B,1.2137101215772164,116,-0.7,0,4.5,-1.6,2.8,-3.5,-1.6,-1.6
1B41_A_B,1.3038268524283692,227,-0.9,0,-1.6,2.8,1.8,-1.6,-1.6,1.9
1B41_A_B,-0.1416541188677961,189,2.8,0,3.8,-1.6,-1.6,-1.6,-3.9,-3.5
1B41_A_B,0.0366380353019762,227,-0.9,0,3.8,-1.6,-1.6,-1.6,-3.9,-3.5
1B41_A_B,-0.0303720932325227,173,-4.5,0,3.8,-1.6,-1.6,-1.6,-3.9,-3.5
1FSS_A_B,-0.5378035082033017,140,4.2,0,-3.5,3.8,3.8,-3.5,-0.7,-3.9
1FSS_A_B,1.3031523211232234,114,-3.5,0,3.8,3.8,4.2,-0.7,-3.9,-0.8
1FSS_A_B,0.317559962160992,168,-3.9,3,4.2,-3.5,-0.7,-0.8,-0.4,-3.9
1FSS_A_B,-1.0571394701084178,173,-4.5,3,-3.2,4.5,-0.8,2.8,3.8,-0.4
1FSS_A_B,1.1866750414324845,173,-4.5,3,1.8,2.8,3.8,4.5,-1.6,2.8
3BT1_A_U,0.33655172202064,88,1.8,4,0.0,0.0,0.0,-0.8,-0.8,-3.5
3BT1_A_U,0.0933500477899187,88,1.8,4,0.0,0.0,-4.5,-0.8,-3.5,-3.5
3BT1_A_U,0.036782187913941,88,1.8,1,-4.5,-0.8,-0.8,-3.5,3.8,-3.2
3BT1_A_U,0.0600729336780252,88,1.8,4,-0.8,-0.8,-3.5,3.8,-3.2,-3.5
3BT1_A_U,0.2688663092382403,88,1.8,4,-3.5,-3.5,3.8,-3.5,4.2,-1.6
3BT1_A_U,0.1737799315004042,88,1.8,0,-3.5,3.8,-3.2,4.2,-1.6,-0.8
3BT1_A_U,0.2999238590910354,88,1.8,3,3.8,-3.2,-3.5,-1.6,-0.8,-3.5
3BT1_A_U,0.2608359612326935,88,1.8,3,-3.2,-3.5,4.2,-0.8,-3.5,2.5
3BT1_A_U,-0.0258794161028763,88,1.8,3,-3.5,4.2,-1.6,-3.5,2.5,-3.5
3BT1_A_U,0.2688663092382403,88,1.8,4,-1.6,-0.8,-3.5,-3.5,2.5,3.8
3BT1_A_U,0.2767873974142461,88,1.8,4,-0.8,-3.5,2.5,2.5,3.8,-3.5
3BT1_A_U,0.1145229629174046,88,1.8,1,-3.5,2.5,-3.5,3.8,-3.5,-0.4
3BT1_A_U,0.0824676561794406,88,1.8,4,2.5,-3.5,2.5,-3.5,-0.4,-0.4
3BT1_A_U,0.071377968501257,89,-0.8,4,2.5,3.8,-3.5,-0.4,-0.7,2.5
3BT1_A_U,0.1737799315004042,88,1.8,4,3.8,-3.5,-0.4,-0.7,2.5,4.2
3BT1_A_U,0.0,88,1.8,4,-3.5,-0.4,-0.4,2.5,4.2,-0.8
3BT1_A_U,0.3074361052558574,88,1.8,4,-0.4,-0.4,-0.7,4.2,-0.8,-3.5
3BT1_A_U,0.2275588471208,88,1.8,4,-0.4,-0.7,2.5,-0.8,-3.5,-3.9
3BT1_A_U,0.4520880724872101,88,1.8,1,-0.7,2.5,4.2,-3.5,-3.9,-1.3
3BT1_A_U,0.9993518383156182,88,1.8,2,4.2,-0.8,-3.5,-1.3,2.8,-0.8
3BT1_A_U,0.18309518622923,88,1.8,1,-0.8,-3.5,-3.9,2.8,-0.8,-3.5
3BT1_A_U,0.8950223788982041,88,1.8,2,-3.5,-3.9,-1.3,-0.8,-3.5,4.5
3BT1_A_U,0.071377968501257,88,1.8,1,-3.9,-1.3,2.8,-3.5,4.5,-3.2
3BT1_A_U,0.7034679092884105,88,1.8,2,-1.3,2.8,-0.8,4.5,-3.2,-0.9
3BT1_A_U,0.4520880724872101,88,1.8,4,2.8,-0.8,-3.5,-3.2,-0.9,2.5
3BT1_A_U,0.3074361052558574,88,1.8,0,-0.8,-3.5,4.5,-0.9,2.5,-3.5
3BT1_A_U,-0.0127959216815104,88,1.8,4,-3.5,4.5,-3.2,2.5,-3.5,2.5
3BT1_A_U,0.371010950244248,88,1.8,3,4.5,-3.2,-0.9,-3.5,2.5,-1.6
3BT1_A_U,0.33655172202064,88,1.8,4,-3.2,-0.9,2.5,2.5,-1.6,-3.9
3BT1_A_U,0.3148526514122449,88,1.8,4,-0.9,2.5,-3.5,-1.6,-3.9,-3.9
3BT1_A_U,0.0933500477899187,88,1.8,3,2.5,-3.5,2.5,-3.9,-3.9,2.8
3BT1_A_U,0.048544022289835,88,1.8,4,-3.5,2.5,-1.6,-3.9,2.8,-0.4
3BT1_A_U,0.5128455341688465,88,1.8,3,2.5,-1.6,-3.9,2.8,-0.4,-0.4
3BT1_A_U,0.1546899917612643,88,1.8,3,-1.6,-3.9,-3.9,-0.4,-0.4,-3.5
3BT1_A_U,0.8556321226845853,88,1.8,0,-3.9,-3.9,2.8,-0.4,-3.5,-3.2
3BT1_A_U,0.4804932669551759,88,1.8,0,-3.9,2.8,-0.4,-3.5,-3.2,2.5
3BT1_A_U,-0.1933653295456511,88,1.8,3,2.8,-0.4,-0.4,-3.2,2.5,-3.5
3BT1_A_U,0.2189336375124631,88,1.8,1,-0.4,-0.4,-3.5,2.5,-3.5,4.5
3BT1_A_U,0.2189336375124631,88,1.8,1,-0.4,-3.5,-3.2,-3.5,4.5,-3.5
3BT1_A_U,0.4520880724872101,88,1.8,2,-3.2,2.5,-3.5,-3.5,-3.9,-0.8
3BT1_A_U,0.3842431334673415,88,1.8,1,2.5,-3.5,4.5,-3.9,-0.8,-3.9
3BT1_A_U,0.3971812436951687,88,1.8,4,-3.5,4.5,-3.5,-0.8,-3.9,-0.7
3BT1_A_U,-0.0258794161028763,88,1.8,4,4.5,-3.5,-3.9,-3.9,-0.7,2.5
3BT1_A_U,0.6311028973181751,88,1.8,2,-3.5,-3.9,-0.8,-0.7,2.5,-1.3
3BT1_A_U,0.6996751206300007,88,1.8,4,-3.9,-0.8,-3.9,2.5,-1.3,-3.5
3BT1_A_U,0.6224776877098382,143,-3.5,4,-0.8,-3.9,-0.7,-1.3,-3.5,-0.4
3BT1_A_U,0.8728409913203923,88,1.8,2,-3.9,-0.7,2.5,-3.5,-0.4,-3.5
3BT1_A_U,0.3842431334673415,88,1.8,2,-0.7,2.5,-1.3,-0.4,-3.5,-0.4
3BT1_A_U,1.0916902594391855,88,1.8,2,2.5,-1.3,-3.5,-3.5,-0.4,-3.2
3BT1_A_U,0.048544022289835,88,1.8,1,-1.3,-3.5,-0.4,-0.4,-3.2,2.8
3BT1_A_U,1.1797696141955707,88,1.8,2,-3.5,-0.4,-3.5,-3.2,2.8,-1.3
3BT1_A_U,-0.066992328176735,88,1.8,1,-0.4,-3.5,-0.4,2.8,-1.3,-4.5
3BT1_A_U,0.5434942420104578,88,1.8,2,-3.5,-0.4,-3.2,-1.3,-4.5,-0.4
3BT1_A_U,0.2923134108512566,88,1.8,4,-0.4,-3.2,2.8,-4.5,-0.4,-3.9
3BT1_A_U,-0.126756652783129,88,1.8,3,-3.2,2.8,-1.3,-0.4,-3.9,1.8
3BT1_A_U,0.4098380682550046,88,1.8,3,2.8,-1.3,-4.5,-3.9,1.8,-0.8
3BT1_A_U,0.1145229629174046,88,1.8,1,-1.3,-4.5,-0.4,1.8,-0.8,-0.7
3BT1_A_U,0.6479791803979508,88,1.8,2,-4.5,-0.4,-3.9,-0.8,-0.7,-3.5
3BT1_A_U,0.3074361052558574,88,1.8,1,-0.4,-3.9,1.8,-0.7,-3.5,-0.7
3BT1_A_U,1.3530650369990944,88,1.8,0,-3.9,1.8,-0.8,-3.5,-0.7,1.9
3BT1_A_U,0.18309518622923,88,1.8,3,1.8,-0.8,-0.7,-0.7,1.9,-0.4
3BT1_A_U,0.048544022289835,88,1.8,2,-0.8,-0.7,-3.5,1.9,-0.4,-4.5
3BT1_A_U,0.2189336375124631,88,1.8,4,-0.7,-3.5,-0.7,-0.4,-4.5,-1.6
3BT1_A_U,0.1449050387415319,88,1.8,1,-3.5,-0.7,1.9,-4.5,-1.6,2.5
3BT1_A_U,0.2360581367546003,88,1.8,4,1.9,-0.4,-4.5,2.5,3.8,-1.6
3BT1_A_U,0.2275588471208,88,1.8,4,-0.4,-4.5,-1.6,3.8,-1.6,-0.9
3BT1_A_U,0.2999238590910354,88,1.8,4,-4.5,-1.6,2.5,-1.6,-0.9,-3.5
3BT1_A_U,0.5075768013776699,88,1.8,4,-1.6,2.5,3.8,-0.9,-3.5,-0.8
3BT1_A_U,0.2360581367546003,88,1.8,4,-1.6,-0.9,-3.5,1.8,-0.7,4.2
3BT1_A_U,0.2189336375124631,88,1.8,4,-0.9,-3.5,-0.8,-0.7,4.2,3.8
3BT1_A_U,0.2012901357844282,88,1.8,4,-3.5,-0.8,1.8,4.2,3.8,-3.5
3BT1_A_U,0.2526932970311777,88,1.8,4,-0.8,1.8,-0.7,3.8,-3.5,-3.5
3BT1_A_U,0.0933500477899187,88,1.8,4,1.8,-0.7,4.2,-3.5,-3.5,-0.7
3BT1_A_U,0.2767873974142461,88,1.8,4,-0.7,4.2,3.8,-3.5,-0.7,-1.3
3BT1_A_U,-0.081368144993336,88,1.8,4,4.2,3.8,-3.5,-0.7,-1.3,-3.2
3BT1_A_U,0.2444351302005756,88,1.8,4,3.8,-3.5,-3.5,-1.3,-3.2,1.8
3BT1_A_U,0.2360581367546003,88,1.8,4,-3.5,-3.5,-0.7,-3.2,1.8,-3.2
3BT1_A_U,0.2360581367546003,88,1.8,4,-3.5,-0.7,-1.3,1.8,-3.2,-4.5
3BT1_A_U,0.1922637379208679,88,1.8,4,-0.7,-1.3,-3.2,-3.2,-4.5,-0.8
3BT1_A_U,0.2767873974142461,88,1.8,4,-1.3,-3.2,1.8,-4.5,-0.8,-3.5
3BT1_A_U,0.1737799315004042,88,1.8,4,-3.2,1.8,-3.2,-0.8,-3.5,1.8
3BT1_A_U,-0.1591089199967995,88,1.8,1,1.8,-3.2,-4.5,-3.5,1.8,3.8
3BT1_A_U,0.2012901357844282,88,1.8,4,-3.2,-4.5,-0.8,1.8,3.8,-3.5
3BT1_A_U,0.18309518622923,88,1.8,1,-0.8,-3.5,1.8,-3.5,3.8,-0.4
3BT1_A_U,0.8556321226845853,88,1.8,1,-3.5,1.8,3.8,3.8,-0.4,3.8
3BT1_A_U,-0.652398108633486,88,1.8,1,3.8,-3.5,3.8,3.8,-0.4,-3.9
3BT1_A_U,1.1364962849392692,88,1.8,1,-3.5,3.8,-0.4,-0.4,-3.9,-3.2
3BT1_A_U,0.2923134108512566,88,1.8,3,3.8,-0.4,3.8,-3.9,-3.2,-3.5
3BT1_A_U,1.6627202230793354,88,1.8,4,-0.4,3.8,-0.4,-3.2,-3.5,-1.3
3BT1_A_U,0.4035440501973751,88,1.8,4,3.8,-0.4,-3.9,-3.5,-1.3,2.5
3BT1_A_U,0.6003384802443436,88,1.8,1,-0.4,-3.9,-3.2,-1.3,2.5,-4.5
3BT1_A_U,0.8007252938925439,88,1.8,4,-3.2,-3.5,-1.3,-4.5,-3.5,-1.6
3BT1_A_U,0.3971812436951687,88,1.8,4,-3.5,-1.3,2.5,-3.5,-1.6,-3.5
3BT1_A_U,0.2608359612326935,88,1.8,4,2.5,-4.5,-3.5,-3.5,-3.5,-4.5
3BT1_A_U,0.4098380682550046,88,1.8,4,-4.5,-3.5,-1.6,-3.5,-4.5,-4.5
3BT1_A_U,0.0824676561794406,88,1.8,4,-3.5,-1.6,-3.5,-4.5,-4.5,-4.5
3BT1_A_U,0.2444351302005756,88,1.8,4,-1.6,-3.5,-3.5,-4.5,-4.5,-1.6
3BT1_A_U,1.439260219317406,88,1.8,1,-3.5,-3.5,-4.5,-4.5,-1.6,-0.9
3BT1_A_U,-0.126756652783129,88,1.8,4,-3.5,-4.5,-4.5,-1.6,-0.9,2.5
3BT1_A_U,0.210178720651724,88,1.8,4,-4.5,-4.5,-1.6,2.5,-1.3,4.2
3BT1_A_U,0.012520719123798,88,1.8,1,-4.5,-1.6,-0.9,-1.3,4.2,-3.5
3BT1_A_U,-0.2488540584361108,88,1.8,4,-1.6,-0.9,2.5,4.2,-3.5,4.2
3BT1_A_U,-0.2890210872799705,88,1.8,4,-0.9,2.5,-1.3,-3.5,4.2,-0.4
3BT1_A_U,0.0,88,1.8,1,2.5,-1.3,4.2,4.2,-0.4,3.8
3BT1_A_U,-0.066992328176735,88,1.8,1,-1.3,4.2,-3.5,-0.4,3.8,-3.9
3BT1_A_U,0.4520880724872101,88,1.8,1,-3.5,4.2,-0.4,-3.9,-1.6,3.8
3BT1_A_U,0.7745550004416232,88,1.8,1,4.2,-0.4,3.8,-1.6,3.8,4.2
3BT1_A_U,0.7745550004416232,88,1.8,2,-0.4,3.8,-3.9,3.8,4.2,-3.5
3BT1_A_U,0.7329522347418942,88,1.8,2,3.8,-3.9,-1.6,4.2,-3.5,-3.5
3BT1_A_U,0.9855442899677564,88,1.8,2,-3.9,-1.6,3.8,-3.5,-3.5,2.5
3BT1_A_U,0.3842431334673415,88,1.8,1,-1.6,3.8,4.2,-3.5,2.5,1.9
3BT1_A_U,-0.4294234663002515,88,1.8,1,3.8,4.2,-3.5,2.5,1.9,4.2
3BT1_A_U,-0.3101940024074564,88,1.8,4,4.2,-3.5,-3.5,1.9,4.2,-3.2
3BT1_A_U,-0.0961079449415177,88,1.8,4,-3.5,-3.5,2.5,4.2,-3.2,-3.5
3BT1_A_U,0.036782187913941,88,1.8,4,-3.5,2.5,1.9,-3.2,-3.5,2.5
3BT1_A_U,-0.2112803122765071,88,1.8,4,2.5,1.9,4.2,-3.5,2.5,1.8
3BT1_A_U,-0.1591089199967995,88,1.8,3,1.9,4.2,-3.2,2.5,1.8,-3.5
3BT1_A_U,-0.1427080889646816,88,1.8,3,4.2,-3.2,-3.5,1.8,-3.5,0.0
3BT1_A_U,-0.081368144993336,88,1.8,4,-3.2,-3.5,2.5,-3.5,0.0,0.0
3BT1_A_U,0.2444351302005756,88,1.8,1,-3.5,2.5,1.8,0.0,0.0,0.0
3BT1_A_U,0.329408184544519,88,1.8,3,2.5,1.8,-3.5,0.0,0.0,0.0
3BT1_A_U,0.609295441528419,88,1.8,3,0.0,1.8,-3.5,0.0,0.0,0.0
3BT1_A_U,1.2735519896985614,88,1.8,0,0.0,0.0,-3.5,0.0,0.0,0.0
3BT1_A_U,1.0303503154678402,88,1.8,2,0.0,0.0,0.0,0.0,0.0,0.0
3BT1_A_U,0.7910487664248523,88,1.8,4,0.0,0.0,0.0,0.0,0.0,0.0
3BT1_A_U,0.626806265270465,88,1.8,1,0.0,0.0,0.0,0.0,0.0,0.0
3BT1_A_U,0.7109801554532326,88,1.8,2,0.0,0.0,0.0,0.0,0.0,0.0
3BT1_A_U,0.903127256891691,88,1.8,1,0.0,0.0,0.0,0.0,0.0,0.0
3BT1_A_U,1.229313678529178,88,1.8,1,0.0,0.0,0.0,0.0,0.0,0.0
3BT1_A_U,1.415271428882039,88,1.8,1,0.0,0.0,0.0,0.0,0.0,0.0
3BT1_A_U,-0.1112306393461185,88,1.8,4,0.0,0.0,0.0,0.0,0.0,0.0
3BT1_A_U,1.6336232659834702,88,1.8,2,0.0,0.0,0.0,0.0,0.0,0.0
3BT1_A_U,0.5866392364266052,88,1.8,2,0.0,0.0,0.0,0.0,0.0,0.0
3BT1_A_U,0.5075768013776699,88,1.8,4,0.0,0.0,0.0,0.0,0.0,0.0
3BT1_A_U,0.4520880724872101,88,1.8,4,0.0,0.0,0.0,0.0,0.0,0.0
3BT1_A_U,-0.0392637067076318,88,1.8,4,0.0,0.0,0.0,0.0,0.0,0.0
3BT1_A_U,0.5912415607890309,88,1.8,2,0.0,0.0,0.0,0.0,0.0,0.0
3BT1_A_U,-0.2297641186969709,88,1.8,1,0.0,0.0,0.0,0.0,0.0,0.0
3BT1_A_U,0.6881462092418105,88,1.8,1,0.0,0.0,0.0,0.0,0.0,0.0
3BT1_A_U,0.2012901357844282,88,1.8,1,0.0,0.0,0.0,0.0,0.0,0.0
3BT1_A_U,0.3642803434897432,88,1.8,1,0.0,0.0,0.0,0.0,0.0,0.0
3BT1_A_U,0.3842431334673415,143,-3.5,4,0.0,0.0,0.0,0.0,0.0,0.0
3BT1_A_U,-0.0961079449415177,88,1.8,1,0.0,0.0,0.0,0.0,0.0,0.0
3BT1_A_U,-0.081368144993336,88,1.8,1,0.0,0.0,0.0,0.0,0.0,0.0
3BT1_A_U,1.0452518126813302,88,1.8,1,0.0,0.0,0.0,0.0,0.0,0.0
3BT1_A_U,1.0106131371962237,88,1.8,2,0.0,0.0,0.0,0.0,0.0,0.0
3BT1_A_U,0.1248274974084818,88,1.8,2,0.0,0.0,0.0,0.0,0.0,0.0
3BT1_A_U,0.7329522347418942,88,1.8,2,0.0,0.0,0.0,0.0,0.0,0.0
3BT1_A_U,0.2767873974142461,88,1.8,4,0.0,0.0,0.0,0.0,0.0,0.0
3BT1_A_U,0.1737799315004042,143,-3.5,4,0.0,0.0,0.0,0.0,0.0,0.0
3BT1_A_U,0.2688663092382403,88,1.8,4,0.0,0.0,0.0,0.0,0.0,0.0
3BT1_A_U,0.4035440501973751,88,1.8,4,0.0,0.0,0.0,0.0,0.0,0.0
3BT1_A_U,0.6803314476116212,88,1.8,4,0.0,0.0,0.0,0.0,0.0,0.0
3BT1_A_U,0.0247778244780932,88,1.8,4,0.0,0.0,0.0,0.0,0.0,0.0
3BT1_A_U,0.3221759052040391,88,1.8,4,0.0,0.0,0.0,0.0,0.0,0.0
3BT1_A_U,-0.2685912367077275,88,1.8,4,0.0,0.0,0.0,0.0,0.0,0.0
3BT1_A_U,0.357471014403971,88,1.8,1,0.0,0.0,0.0,0.0,0.0,0.0
3BT1_A_U,0.660322914872263,88,1.8,4,0.0,0.0,0.0,0.0,0.0,0.0
3BT1_A_U,0.4520880724872101,88,1.8,4,0.0,0.0,0.0,0.0,0.0,0.0
3BT1_A_U,0.7183967016096201,88,1.8,1,0.0,0.0,0.0,0.0,0.0,0.0
3BT1_A_U,0.3842431334673415,88,1.8,4,0.0,0.0,0.0,0.0,0.0,0.0
3BT1_A_U,0.3221759052040391,88,1.8,4,0.0,0.0,0.0,0.0,0.0,0.0
3BT1_A_U,0.2012901357844282,88,1.8,1,0.0,0.0,0.0,0.0,0.0,0.0
3BT1_A_U,-0.0127959216815104,88,1.8,4,0.0,0.0,0.0,0.0,0.0,0.0
3BT1_A_U,-0.175985203076575,88,1.8,4,0.0,0.0,0.0,0.0,0.0,0.0
3BT1_A_U,-0.2297641186969709,88,1.8,4,0.0,0.0,0.0,0.0,0.0,0.0
3BT1_A_U,-0.0961079449415177,88,1.8,4,0.0,0.0,0.0,0.0,0.0,0.0
3BT1_A_U,0.3148526514122449,88,1.8,4,0.0,0.0,0.0,0.0,0.0,0.0
3BT1_A_U,-0.1933653295456511,88,1.8,4,0.0,0.0,0.0,0.0,0.0,0.0
3BT1_A_U,-0.066992328176735,88,1.8,1,0.0,0.0,0.0,0.0,0.0,0.0
3BT1_A_U,-0.2685912367077275,88,1.8,1,0.0,0.0,0.0,0.0,0.0,0.0
3BT1_A_U,0.2444351302005756,88,1.8,4,0.0,0.0,0.0,0.0,0.0,0.0
3BT1_A_U,0.0247778244780932,88,1.8,1,0.0,0.0,0.0,0.0,0.0,0.0
3BT1_A_U,0.012520719123798,143,-3.5,4,0.0,0.0,0.0,0.0,0.0,0.0
3BT1_A_U,-0.126756652783129,88,1.8,4,0.0,0.0,0.0,0.0,0.0,0.0
3BT1_A_U,-0.2297641186969709,88,1.8,4,0.0,0.0,0.0,0.0,0.0,0.0
3BT1_A_U,0.012520719123798,88,1.8,4,0.0,0.0,0.0,0.0,0.0,0.0
3BT1_A_U,-0.4035440501973751,88,1.8,4,0.0,0.0,0.0,0.0,0.0,0.0
3BT1_A_U,-0.2112803122765071,88,1.8,1,0.0,0.0,0.0,0.0,0.0,0.0
3BT1_A_U,-0.2112803122765071,88,1.8,4,0.0,0.0,0.0,0.0,0.0,0.0
3BT1_A_U,-0.1112306393461185,88,1.8,4,0.0,0.0,0.0,0.0,0.0,0.0
3BT1_A_U,-0.2488540584361108,88,1.8,4,0.0,0.0,0.0,0.0,0.0,0.0
3BT1_A_U,0.2275588471208,88,1.8,1,0.0,0.0,0.0,0.0,0.0,0.0
3BT1_A_U,0.1922637379208679,88,1.8,4,0.0,0.0,0.0,0.0,0.0,0.0
3BT1_A_U,-0.5147746895434937,88,1.8,4,0.0,0.0,0.0,0.0,0.0,0.0
3BT1_A_U,0.1449050387415319,88,1.8,1,0.0,0.0,0.0,0.0,0.0,0.0
3BT1_A_U,-0.066992328176735,88,1.8,4,0.0,0.0,0.0,0.0,0.0,0.0
3BT1_A_U,-0.0258794161028763,88,1.8,1,0.0,0.0,0.0,0.0,0.0,0.0
3BT1_A_U,-0.0961079449415177,88,1.8,1,0.0,0.0,0.0,0.0,0.0,0.0
3BT1_A_U,-0.1112306393461185,88,1.8,4,0.0,0.0,0.0,0.0,0.0,0.0
3BT1_A_U,1.0106131371962237,88,1.8,1,0.0,0.0,0.0,0.0,0.0,0.0
3BT1_A_U,-0.175985203076575,88,1.8,4,0.0,0.0,0.0,0.0,0.0,0.0
3BT1_A_U,-0.066992328176735,88,1.8,1,0.0,0.0,0.0,0.0,0.0,0.0
3BT1_A_U,0.2608359612326935,88,1.8,1,0.0,0.0,0.0,0.0,0.0,0.0
3BT1_A_U,-0.4849121951907111,88,1.8,1,0.0,0.0,0.0,0.0,0.0,0.0
3BT1_A_U,-0.2297641186969709,89,-0.8,1,0.0,0.0,0.0,0.0,0.0,0.0
3BT1_A_U,-0.2112803122765071,88,1.8,4,0.0,0.0,0.0,0.0,0.0,0.0
3BT1_A_U,0.6996751206300007,88,1.8,1,0.0,0.0,0.0,0.0,0.0,0.0
3BT1_A_U,-0.0258794161028763,88,1.8,1,0.0,0.0,0.0,0.0,0.0,0.0
3BT1_A_U,0.2608359612326935,88,1.8,1,0.0,0.0,0.0,0.0,0.0,0.0
3BT1_A_U,0.1737799315004042,88,1.8,3,0.0,0.0,0.0,0.0,0.0,0.0
3BT1_A_U,0.048544022289835,88,1.8,4,0.0,0.0,0.0,0.0,0.0,0.0
3BT1_A_U,0.2608359612326935,88,1.8,4,0.0,0.0,0.0,0.0,0.0,0.0
3BT1_A_U,0.329408184544519,88,1.8,4,0.0,0.0,0.0,0.0,0.0,0.0
3BT1_A_U,0.0933500477899187,88,1.8,4,0.0,0.0,0.0,0.0,0.0,0.0
3BT1_A_U,-0.175985203076575,88,1.8,4,0.0,0.0,0.0,0.0,0.0,0.0
3BT1_A_U,0.18309518622923,88,1.8,1,0.0,0.0,0.0,0.0,0.0,0.0
3BT1_A_U,0.048544022289835,88,1.8,1,0.0,0.0,0.0,0.0,0.0,0.0
3BT1_A_U,0.1546899917612643,88,1.8,1,0.0,0.0,0.0,0.0,0.0,0.0
3BT1_A_U,0.1922637379208679,88,1.8,1,0.0,0.0,0.0,0.0,0.0,0.0
3BT1_A_U,-0.081368144993336,88,1.8,1,0.0,0.0,0.0,0.0,0.0,0.0
3BT1_A_U,-0.175985203076575,89,-0.8,1,0.0,0.0,0.0,0.0,0.0,0.0
3BT1_A_U,0.3436086690303265,88,1.8,1,0.0,0.0,0.0,0.0,0.0,0.0
3BT1_A_U,-0.3101940024074564,89,-0.8,4,0.0,0.0,0.0,0.0,0.0,0.0
3BT1_A_U,-0.066992328176735,88,1.8,4,0.0,0.0,0.0,0.0,0.0,0.0
3BT1_A_U,0.1248274974084818,88,1.8,1,0.0,0.0,0.0,0.0,0.0,0.0
3BT1_A_U,0.4520880724872101,88,1.8,4,0.0,0.0,0.0,0.0,0.0,0.0
3BT1_A_U,0.048544022289835,88,1.8,4,0.0,0.0,0.0,0.0,0.0,0.0
3BT1_A_U,0.1248274974084818,89,-0.8,4,0.0,0.0,0.0,0.0,0.0,0.0
3BT1_A_U,0.2767873974142461,88,1.8,2,0.0,0.0,0.0,0.0,0.0,0.0
3BT1_A_U,0.4098380682550046,88,1.8,1,0.0,0.0,0.0,0.0,0.0,0.0
3BT1_A_U,0.1737799315004042,88,1.8,1,0.0,0.0,0.0,0.0,0.0,0.0
3BT1_A_U,0.0600729336780252,88,1.8,0,0.0,0.0,0.0,0.0,0.0,0.0
3BT1_A_U,0.2012901357844282,89,-0.8,0,0.0,0.0,0.0,0.0,0.0,0.0
3BT1_A_U,0.8784660688960072,88,1.8,1,0.0,0.0,0.0,0.0,0.0,0.0
3BT1_A_U,0.210178720651724,88,1.8,3,0.0,0.0,0.0,0.0,0.0,0.0
3BT1_A_U,0.7257199554014143,88,1.8,1,0.0,0.0,0.0,0.0,0.0,0.0
3BT1_A_U,-0.2297641186969709,88,1.8,1,0.0,0.0,0.0,0.0,0.0,0.0
3BT1_A_U,0.048544022289835,88,1.8,4,0.0,0.0,0.0,0.0,0.0,0.0
3BT1_A_U,0.1349528134896476,88,1.8,1,0.0,0.0,0.0,0.0,0.0,0.0
3BT1_A_U,0.1040327511802947,88,1.8,4,0.0,0.0,0.0,0.0,0.0,0.0
3BT1_A_U,0.2360581367546003,88,1.8,1,0.0,0.0,0.0,0.0,0.0,0.0
3BT1_A_U,-0.066992328176735,88,1.8,4,0.0,0.0,0.0,0.0,0.0,0.0
3BT1_A_U,0.0600729336780252,88,1.8,4,0.0,0.0,0.0,0.0,0.0,0.0
3BT1_A_U,0.0933500477899187,88,1.8,4,0.0,0.0,0.0,0.0,0.0,0.0
3BT1_A_U,-0.1427080889646816,88,1.8,4,0.0,0.0,0.0,0.0,0.0,0.0
3BT1_A_U,-0.2890210872799705,88,1.8,1,0.0,0.0,0.0,0.0,0.0,0.0
3BT1_A_U,0.1449050387415319,88,1.8,1,0.0,0.0,0.0,0.0,0.0,0.0
3BT1_A_U,-0.0127959216815104,88,1.8,4,0.0,0.0,0.0,0.0,0.0,0.0
3BT1_A_U,0.048544022289835,88,1.8,4,0.0,0.0,0.0,0.0,0.0,0.0
3LB6_A_C,3.7210831205438017,0,0.0,2,-0.7,4.2,4.5,3.8,-0.7,2.5
3LB6_A_C,5.811226425695906,0,0.0,0,-0.4,-3.5,2.8,-0.8,3.8,-3.2
3LB6_A_C,2.5438712005213064,0,0.0,3,-3.5,2.8,-0.8,3.8,-3.2,4.2
3LB6_A_C,5.114491092257032,0,0.0,0,-0.8,-0.8,3.8,4.2,-4.5,-3.5
3N85_A_LH,0.139577322458497,23,-1.0,2,-3.5,-3.5,-1.3,3.8,1.8,4.2
3N85_A_LH,-0.0387148317112752,27,-5.1,0,1.8,3.8,1.8,3.8,-3.5,-3.5
3N85_A_LH,-0.784522786130468,15,-0.6999999999999997,3,3.8,-1.3,-3.5,2.5,-3.5,4.2
3N85_A_LH,-0.5539105716469158,20,-1.2999999999999998,3,3.8,-1.3,-3.5,2.5,-3.5,4.2
3N85_A_LH,0.0571166315765765,40,1.9000000000000001,2,-3.5,-0.4,2.5,4.2,4.2,-3.5
3N85_A_LH,-0.1340058860905748,-65,5.0,2,-3.5,-0.4,2.5,4.2,4.2,-3.5
3N85_A_LH,0.4876210892003292,-93,2.8000000000000003,1,1.8,-0.8,3.8,2.8,3.8,-3.5
3N85_A_LH,-0.784522786130468,40,1.9000000000000001,2,3.8,-0.8,2.8,-3.5,-3.5,4.5
3N85_A_LH,-0.0151835498693531,36,6.0,0,-3.5,-0.4,-3.5,3.8,-3.5,-3.5
3N85_A_LH,-0.0151835498693531,36,6.0,0,-3.5,-0.4,-3.5,3.8,-3.5,-3.5
4B0M_A_BM,0.2975591963826068,60,-0.4,0,2.8,-3.5,-0.4,1.9,-1.6,1.9
4B0M_A_BM,0.4055165305207839,-74,-0.09999999999999987,2,3.8,1.8,4.5,-3.2,-0.8,-3.5
4B0M_A_BM,0.7576580714024023,-73,-2.7,2,3.8,1.8,4.5,-3.2,-0.8,-3.5
4B0M_A_BM,1.9147236775599932,-74,-0.09999999999999987,0,1.8,4.5,-1.6,-0.8,-3.5,4.2
4B0M_A_BM,1.993188045854182,-73,-2.7,0,1.8,4.5,-1.6,-0.8,-3.5,4.2
4B0M_A_BM,0.6289222544296569,-102,-2.3,1,-0.8,-0.7,1.9,-3.5,-0.7,-3.5
4B0M_A_BM,1.6520305192548868,-74,-0.09999999999999987,2,4.2,-3.5,4.2,4.2,-3.5,-0.4
4B0M_A_BM,1.9079342796708347,-74,-0.09999999999999987,0,2.8,4.2,-3.5,-4.5,-3.9,4.2
4B0M_A_BM,0.4296882948480847,0,0.0,0,-3.5,-0.8,-0.7,3.8,-3.5,-0.7
3M62_A_B,0.8292600260517236,0,0.0,3,3.8,3.8,-3.9,-3.5,-3.5,4.2
3M62_A_B,2.7984601869445536,0,0.0,0,4.2,-3.5,2.8,-3.5,-0.7,3.8
3M62_A_B,2.8277069215868345,0,0.0,0,-3.5,-0.7,3.8,3.8,-1.3,-3.5
3M62_A_B,0.0166807086947819,0,0.0,0,3.8,-1.3,-3.5,-0.7,-3.5,-3.5
3M62_A_B,1.0509954357359257,0,0.0,3,-1.3,-3.5,3.8,-3.5,-3.5,-3.5
3M62_A_B,0.788258609248199,0,0.0,3,-3.5,-3.5,4.5,-4.5,3.8,4.2
3M62_A_B,1.264195755993608,0,0.0,2,-4.5,3.8,4.2,-0.4,-1.3,-0.4
3M62_A_B,4.474755298014592,0,0.0,2,3.8,4.2,4.5,-1.3,-0.4,4.2
3M62_A_B,1.8529183775996187,0,0.0,3,4.2,1.8,3.8,4.5,-3.5,-3.5
3M62_A_B,0.995419407425166,88,1.8,3,-3.5,2.8,-4.5,1.9,-0.7,1.8
3M62_A_B,0.4968535739020918,88,1.8,4,2.8,-4.5,-0.8,-0.7,1.8,4.5
3M62_A_B,2.8821937040104624,88,1.8,0,-0.7,3.8,-0.4,-3.5,2.8,4.5
3M62_A_B,1.2780357249375602,88,1.8,0,-0.4,4.2,-3.5,4.5,-3.5,-0.7
3M62_A_B,1.0898372922251205,88,1.8,3,2.8,4.5,-3.5,3.8,3.8,3.8
3M62_A_B,1.0538559533764038,88,1.8,3,-3.5,-0.7,3.8,3.8,-1.3,-3.5
3M62_A_B,0.2835647458491447,88,1.8,3,-3.9,-1.6,2.8,-1.3,3.8,-3.5
3M62_A_B,1.1375424308935171,88,1.8,0,2.8,-3.5,-1.3,-3.5,-3.5,2.5
3M62_A_B,0.6807479941051822,88,1.8,0,-1.3,3.8,-3.5,2.5,2.8,-4.5
3M63_A_B,0.6459881896278193,0,0.0,4,3.8,-3.9,-0.8,-3.5,4.2,-1.6
3M63_A_B,2.232976751803334,0,0.0,0,4.2,-3.5,2.8,-3.5,-0.7,3.8
3M63_A_B,0.5761037100324308,0,0.0,0,-3.5,-0.7,3.8,3.8,-1.3,-3.5
3M63_A_B,0.311205722655654,0,0.0,0,3.8,-1.3,-3.5,-0.7,-3.5,-3.5
3M63_A_B,0.3461610115784758,0,0.0,3,-1.3,-3.5,3.8,-3.5,-3.5,-3.5
3M63_A_B,-0.1851907875417673,0,0.0,3,-3.5,-3.5,4.5,-4.5,3.8,4.2
3M63_A_B,0.1246380428329592,0,0.0,2,-4.5,3.8,4.2,-0.4,-1.3,-0.4
3M63_A_B,3.6485678564593105,0,0.0,2,3.8,4.2,4.5,-1.3,-0.4,4.2
3M63_A_B,1.837927045229113,0,0.0,2,-0.4,-1.3,-0.4,4.2,1.8,3.8
3M63_A_B,1.088493078253958,0,0.0,0,4.2,1.8,3.8,4.5,-3.5,-3.5
3M63_A_B,1.7905316769052126,0,0.0,2,-3.5,4.5,-3.5,2.8,2.5,1.9
3SEK_B_C,2.885687082874746,30,-6.0,0,-0.4,-3.5,-3.5,-0.7,2.5,-0.8
3SEK_B_C,4.453296601434915,30,-6.0,0,-3.2,-1.6,-0.4,-3.9,4.5,-3.5
3SEK_B_C,4.453296601434915,30,-6.0,0,-3.5,-3.9,4.5,3.8,3.8,-0.4
3SEK_B_C,4.21321016883126,30,-6.0,0,-3.9,4.5,-3.5,3.8,-0.4,2.8
3SEK_B_C,2.6794456332244843,-20,-0.7,0,-3.2,-1.6,-0.4,-3.9,4.5,-3.5
3SEK_B_C,2.2281626927661633,-20,-0.7,0,-3.5,-3.9,4.5,3.8,3.8,-0.4
3SEK_B_C,3.40697037188147,-20,-0.7,0,-3.9,4.5,-3.5,3.8,-0.4,2.8
3L5X_A_HL,-0.828766606379976,-78,-1.9999999999999998,4,-3.2,-3.5,-3.5,-1.6,-1.3,-0.7
4FZA_A_B,0.5425595659017161,50,-5.3,0,-4.5,-1.3,4.2,1.9,-0.8,-0.7
4FZA_A_B,1.2700843045587016,0,0.0,0,-3.9,3.8,3.8,-0.8,-3.5,-3.5
4FZA_A_B,1.027331491122617,0,0.0,0,-0.8,-3.5,-3.5,4.2,-0.7,-3.9
4FZA_A_B,0.4251782768750776,88,1.8,3,-3.5,4.5,3.8,1.9,3.8,3.8
3MZW_A_B,-0.1451433805852393,116,-0.7,4,1.8,-0.8,-1.6,-0.7,-3.2,3.8
3MZW_A_B,0.0725960225712443,60,-0.4,4,1.8,-0.8,-1.6,-0.7,-3.2,3.8
3MZW_A_B,0.0252006542473439,88,1.8,4,1.8,-0.8,-1.6,-0.7,-3.2,3.8
3SE4_B_C,1.3634205007741924,-20,-0.7,2,3.8,2.5,3.8,-3.5,-4.5,-4.5
3SE4_B_C,1.66530121181173,-20,-0.7,0,3.8,-3.9,-3.5,-4.5,-3.5,2.8
3SE4_B_C,1.1647783713268474,32,1.7000000000000002,0,3.8,-3.9,-3.5,-4.5,-3.5,2.8
3SE4_B_C,0.2117883379888932,-20,-0.7,0,-3.9,-3.5,-4.5,-3.5,2.8,-4.5
3SE4_B_C,-0.6099013248005264,-20,-0.7,3,1.9,3.8,-3.5,4.5,2.8,-0.8
3SE4_B_C,1.3634205007741924,-20,-0.7,0,3.8,-3.5,-3.5,2.8,-0.8,3.8
3SE4_B_C,1.1647783713268474,-20,-0.7,0,4.5,2.8,-0.8,2.8,-3.2,-0.7
3SE4_B_C,1.2086596284463422,-20,-0.7,0,-0.7,-0.4,3.8,-3.5,-3.5,3.8
3SE4_B_C,-0.4104304674362382,-20,-0.7,0,-0.8,-3.9,-3.5,-3.5,3.8,-0.4
3SE3_B_A,-0.3475702553211565,0,0.0,3,-3.9,1.8,-3.5,4.5,-1.6,4.2
3SE3_B_A,1.4964962437258706,0,0.0,0,-3.5,-0.7,4.5,4.2,3.8,-1.3
3SE3_B_A,0.4104304674362382,0,0.0,0,-3.5,-3.5,-0.7,3.8,-3.5,-3.9
3SE3_B_A,0.7126667029515835,0,0.0,1,3.8,-3.5,-3.5,-3.5,1.8,2.5
3SE3_B_A,1.4964962437258706,0,0.0,1,-3.5,3.8,-3.5,2.5,4.2,4.5
3SE3_B_A,0.0,0,0.0,0,-3.9,-3.5,-3.5,4.5,3.8,1.8
3SE3_B_A,0.5425595659017161,0,0.0,0,-3.5,-3.5,-0.8,3.8,1.8,4.2
3SE3_B_A,0.5425595659017161,0,0.0,0,4.5,3.8,1.8,-4.5,-3.9,-1.3
3SE3_B_A,0.1330757429516783,28,-2.5,3,-0.8,-1.6,2.5,-0.9,-3.5,4.2
3SE3_B_A,0.4104304674362382,0,0.0,4,-4.5,1.8,-3.5,1.9,-4.5,-0.8
3SE3_B_A,-0.1563008627927783,0,0.0,0,-4.5,-0.8,-3.9,0.0,0.0,0.0
3SE3_B_A,-0.2389033632790169,0,0.0,0,-0.8,-3.9,-3.5,0.0,0.0,0.0
3SE3_B_A,1.4964962437258706,0,0.0,0,0.0,0.0,0.0,0.0,0.0,0.0
3SE3_B_A,0.4104304674362382,0,0.0,0,0.0,0.0,0.0,0.0,0.0,0.0
3SE3_B_A,0.5425595659017161,0,0.0,1,0.0,0.0,0.0,0.0,0.0,0.0
3SE3_B_A,0.2109596100719501,0,0.0,3,0.0,0.0,0.0,0.0,0.0,0.0
3SE3_B_A,0.0,0,0.0,4,0.0,0.0,0.0,0.0,0.0,0.0
3SE4_B_A,1.3634205007741924,0,0.0,0,-3.5,3.8,-3.5,1.8,-3.2,4.2
3SE4_B_A,0.1321290984654777,0,0.0,0,-3.5,-0.8,1.8,1.8,4.5,-0.8
3SE4_B_A,0.1321290984654777,0,0.0,2,-0.8,1.8,-0.4,4.5,-0.8,-0.8
3SE4_B_A,0.0,0,0.0,0,1.8,4.5,-0.8,-1.6,1.8,3.8
3SE4_B_A,0.4104304674362382,28,-2.5,3,-3.9,-3.5,-3.9,-1.3,-0.8,-3.5
3SE4_B_A,-0.2783013689707604,0,0.0,4,1.8,-0.9,-3.5,4.2,-4.5,1.9
3SE4_B_A,-0.5425595659017161,0,0.0,0,1.9,-3.5,-3.5,3.8,-4.5,-0.8
3SE4_B_A,1.3634205007741924,0,0.0,0,0.0,0.0,0.0,0.0,0.0,0.0
3SE4_B_A,0.3027691223069735,0,0.0,0,0.0,0.0,0.0,0.0,0.0,0.0
3SE4_B_A,0.0,0,0.0,0,0.0,0.0,0.0,0.0,0.0,0.0
3SE4_B_A,0.3027691223069735,0,0.0,4,0.0,0.0,0.0,0.0,0.0,0.0
3SE4_B_A,0.2107522467359137,0,0.0,1,0.0,0.0,0.0,0.0,0.0,0.0
3SE4_B_C,-0.1703440348325832,88,1.8,0,-3.2,-3.5,1.9,-4.5,4.5,-0.8
3SE4_B_C,0.9238632108062492,166,3.8,0,-3.2,-3.5,1.9,-4.5,4.5,-0.8
3SE4_B_C,2.7268410015483844,88,1.8,0,-4.5,4.5,-0.8,2.8,3.8,2.5
3SE4_B_C,0.5725762769089063,88,1.8,0,-4.5,-1.3,2.8,-0.4,4.5,-4.5
3SE4_B_C,1.7738509682104304,88,1.8,0,-0.4,4.5,-4.5,-1.3,3.8,-3.9
3SE4_B_C,-0.9740858115270826,173,-4.5,0,-0.4,4.5,-4.5,-1.3,3.8,-3.9
3SE4_B_A,0.0496684075835571,88,1.8,0,-3.2,-3.5,1.9,-4.5,4.5,-0.8
3SE4_B_A,0.1030022759337728,166,3.8,0,-3.2,-3.5,1.9,-4.5,4.5,-0.8
3SE4_B_A,-0.0119625482730936,88,1.8,0,-4.5,4.5,-0.8,2.8,3.8,2.5
3SE4_B_A,0.024645275747976,88,1.8,0,-4.5,-1.3,2.8,-0.4,4.5,-4.5
3SE4_B_A,-0.0350653225580201,88,1.8,0,-0.4,4.5,-4.5,-1.3,3.8,-3.9
3SE4_B_A,0.1391923154176488,173,-4.5,0,-0.4,4.5,-4.5,-1.3,3.8,-3.9
3SE4_B_C,1.4007095167024286,-20,-0.7,0,3.8,-3.5,-3.5,2.8,-0.8,3.8
3SE4_B_C,1.8013293881193853,88,1.8,0,-0.4,4.5,-4.5,-1.3,3.8,-3.9
3SE4_B_C,-0.8979016702922663,173,-4.5,0,-0.4,4.5,-4.5,-1.3,3.8,-3.9
1JTD_A_B,0.5149086888121709,0,0.0,0,4.5,-3.2,-1.3,-3.5,-3.5,-3.5
1JTD_A_B,0.7954125356602306,0,0.0,3,-3.2,-1.3,-0.8,-3.5,-3.5,3.8
1JTD_A_B,1.7213676328045333,0,0.0,0,-0.8,-3.5,-3.5,3.8,4.2,-3.5
1JTD_A_B,0.8346372009543735,0,0.0,0,-3.5,-3.5,3.8,-3.5,-1.3,-0.8
1JTD_A_B,2.2345232592160023,0,0.0,0,-3.5,3.8,4.2,-1.3,-0.8,-1.6
1JTD_A_B,1.7213676328045333,0,0.0,0,4.2,-3.5,-1.3,-1.6,4.2,-0.7
1JTD_A_B,0.0379584602841047,0,0.0,0,-0.8,-1.6,4.2,-3.5,-3.9,-3.2
1JTD_A_B,2.1290435333452264,0,0.0,0,-1.6,4.2,-0.7,-3.9,-3.2,3.8
1JTD_A_B,2.504335915816167,0,0.0,0,1.8,1.8,4.5,1.9,-0.8,-3.5
1JTD_A_B,0.0379584602841047,0,0.0,0,-3.5,1.8,-3.5,4.2,1.8,-0.4
1JTD_A_B,0.2764335745481378,0,0.0,0,-0.8,-3.5,1.8,1.9,-3.5,-3.5
2DVW_A_B,0.6932238860754765,88,1.8,0,2.5,4.2,-0.8,4.5,1.9,4.5
2DVW_A_B,0.2053609647296579,138,-3.5,0,3.8,3.8,-3.5,-0.4,4.2,-1.6
2DVW_A_B,0.9101230961147572,0,0.0,2,-0.7,-3.5,-3.5,-0.8,-4.5,-0.7
2DVW_A_B,0.0341870404830213,0,0.0,0,-3.2,-1.3,1.8,-0.8,-3.9,-3.5
2DVW_A_B,0.4379361845630415,0,0.0,0,-3.2,3.8,1.8,-3.5,-3.5,-3.5
3WWN_A_B,-0.3760537851325284,50,-5.3,3,-1.6,-3.5,-1.3,1.8,3.8,1.8
3WWN_A_B,1.4451202217470995,50,-5.3,3,3.8,1.8,3.8,-3.5,-0.4,-4.5
3WWN_A_B,0.1746743385329204,50,-5.3,0,1.8,3.8,1.8,-0.4,-4.5,1.9
3F1S_A_B,1.2382988923774036,0,0.0,0,-3.9,4.5,-0.8,-4.5,-3.2,-3.5
3F1S_A_B,2.184281435646669,0,0.0,3,1.9,-4.5,-3.2,-0.4,-3.5,1.9
3F1S_A_B,0.4104304674362382,0,0.0,0,2.8,-3.2,3.8,-3.9,-1.3,-3.9
3F1S_A_B,-1.8027408929594195,0,0.0,0,-3.2,3.8,-3.5,-1.3,-3.9,-0.7
3F1S_A_B,-1.8027408929594195,20,0.7,0,-3.2,3.8,-3.5,-1.3,-3.9,-0.7
3F1S_A_B,2.9944731449298665,0,0.0,0,3.8,-3.5,-3.9,-3.9,-0.7,4.5
3F1S_A_B,3.758898444275527,0,0.0,0,1.8,3.8,-3.5,-1.3,3.8,-0.7
3F1S_A_B,0.6979122683637936,0,0.0,0,2.8,-3.2,3.8,-3.9,-1.3,-3.9
3F1S_A_B,-2.3546254704792524,0,0.0,0,-3.2,3.8,-3.5,-1.3,-3.9,-0.7
3F1S_A_B,-1.585286234218137,20,0.7,0,-3.2,3.8,-3.5,-1.3,-3.9,-0.7
1KNE_A_P,-0.3141987837884387,56,-2.3,3,0.0,0.0,1.9,-3.9,-3.2,-3.2
1KNE_A_P,0.2739314155570483,54,6.1,3,0.0,0.0,1.9,-3.9,-3.2,-3.2
1KNE_A_P,0.0962316836477994,77,4.4,3,0.0,0.0,1.9,-3.9,-3.2,-3.2
1KNE_A_P,0.2041890177859767,54,5.4,3,0.0,0.0,1.9,-3.9,-3.2,-3.2
1KNE_A_P,-0.1149648242068664,101,0.9999999999999998,3,0.0,1.9,-3.9,-3.2,-3.2,-3.2
1KNE_A_P,0.8944608446579034,80,-5.7,3,0.0,1.9,-3.9,-3.2,-3.2,-3.2
1KNE_A_P,0.0,78,1.9999999999999998,3,0.0,1.9,-3.9,-3.2,-3.2,-3.2
1KNE_A_P,-0.3765854844828448,28,-2.5,3,0.0,1.9,-3.9,-3.2,-3.2,-3.2
1KNE_A_P,-0.6166719170864997,101,0.9999999999999998,3,-3.9,-0.9,-3.9,-1.3,-1.6,-3.5
1KNE_A_P,0.460499095379743,78,2.7,3,-3.9,-0.9,-3.9,-1.3,-1.6,-3.5
1KNE_A_P,-0.3765854844828448,80,-5.7,3,-3.9,-0.9,-3.9,-1.3,-1.6,-3.5
1KNE_A_P,0.4916708187135319,28,-2.5,3,-3.9,-0.9,-3.9,-1.3,-1.6,-3.5
1KNE_A_P,-1.267188817126393,0,0.0,4,-3.9,4.5,4.5,-4.5,-4.5,4.2
3W2D_A_HL,0.8778541278792833,101,0.9999999999999998,0,-3.5,-3.5,2.8,-1.3,2.8,-3.5
3W2D_A_HL,2.364513481886908,78,1.9999999999999998,0,-3.5,-3.5,2.8,-1.3,2.8,-3.5
3W2D_A_HL,-0.4280761939014738,85,-6.3,0,4.2,-4.5,4.2,2.8,-3.9,-3.5
3W2D_A_HL,4.621463464570586,26,-5.3,0,4.2,-4.5,4.2,2.8,-3.9,-3.5
4BFI_A_B,2.076324101508492,168,-3.9,0,4.5,-0.4,-0.7,1.8,3.8,3.8
4BFI_A_B,2.726841001548385,111,-3.5,0,-0.7,-3.9,1.8,3.8,4.5,-0.7
4BFI_A_B,2.3164105341121464,88,1.8,0,-0.7,-3.9,1.8,3.8,4.5,-0.7
4BFI_A_B,1.3064912212004447,88,1.8,2,-3.5,3.8,-3.5,-0.8,1.8,4.2
4BFI_A_B,2.726841001548385,168,-3.9,0,-3.5,4.5,-0.8,4.2,-0.7,3.8
4BFI_A_B,2.726841001548385,111,-3.5,0,-0.8,1.8,4.2,3.8,-3.5,-3.2
4BFI_A_B,2.076324101508492,88,1.8,0,-0.8,1.8,4.2,3.8,-3.5,-3.2
4BFI_A_B,2.3164105341121464,138,-3.5,0,3.8,-3.5,-3.2,-0.4,-0.7,-1.3
4BFI_A_B,-0.0119625482730934,168,-3.9,4,-3.9,-3.5,-3.5,-0.7,-3.5,-3.5
4BFI_A_B,0.0307667123740862,111,-3.5,4,-1.6,3.8,-0.7,4.2,-3.5,-0.7
4BFI_A_B,-0.2197164534072278,168,-3.9,4,-0.8,4.2,-3.5,-0.4,-0.7,-3.9
4EKD_A_B,-0.0564356355268156,85,-6.3,3,-0.8,-0.7,-3.9,-1.3,3.8,-3.5
4JEU_A_B,-0.4104304674362382,0,0.0,4,4.5,3.8,-3.5,3.8,1.8,-3.5
4JEU_A_B,0.9091087762184596,20,0.7,0,3.8,-0.8,1.9,1.9,3.8,-0.8
4JEU_A_B,3.2399182204405883,88,1.8,0,1.8,-3.5,-3.5,-0.7,1.9,-0.4
4JEU_A_B,1.1275485058906438,88,1.8,0,0.0,-1.6,4.5,3.8,-3.9,1.8
4JEU_A_B,0.1808244146221431,88,1.8,0,-1.6,4.5,-0.4,-3.9,1.8,4.2
4JEU_A_B,1.108342735800032,88,1.8,0,3.8,-3.9,1.8,4.2,-0.4,-3.5
4KRL_A_B,1.7201129501057282,88,1.8,0,-4.5,-0.7,-0.8,-0.8,-1.3,-0.4
4KRL_A_B,0.6496149562249824,88,1.8,0,-1.3,-3.5,-1.3,-1.3,-0.9,-0.4
4KRO_A_B,1.5831369541814202,88,1.8,0,-3.5,-3.9,3.8,-3.5,3.8,-0.4
4KRO_A_B,1.5040695447922323,88,1.8,0,-1.3,-3.5,-3.5,-1.3,1.8,3.8
4KRP_A_B,1.6058801870558863,88,1.8,3,-3.5,1.8,-3.5,-0.7,-0.4,3.8
3U82_A_B,2.594711903082907,88,1.8,2,1.8,-0.4,3.8,-3.5,-1.6,2.8
4NZW_A_B,0.0759753605874046,0,0.0,0,-0.8,-0.4,3.8,-0.8,-0.7,3.8
4NZW_A_B,0.3252899176290532,88,1.8,3,1.8,1.9,-3.9,4.5,3.8,-1.3
4NZW_A_B,0.3569831541196826,88,1.8,3,-3.5,-3.5,4.5,2.8,1.9,3.8
4O27_A_B,1.1946533670067383,0,0.0,0,-0.8,-3.5,-3.5,4.2,-0.7,-3.9
4O27_A_B,1.0243093321741552,0,0.0,0,-3.5,-0.4,-3.9,-3.5,4.2,1.8
4O27_A_B,0.371267370738432,88,1.8,0,3.8,4.2,1.8,-3.9,-3.5,4.5
4O27_A_B,0.3015249729673603,88,1.8,3,3.8,2.8,1.9,3.8,-3.9,-0.4
4Y61_A_B,-0.0781177283516119,0,0.0,0,-1.6,1.9,-1.6,4.2,-3.9,-0.9
4Y61_A_B,-0.1929470080918225,88,1.8,0,-3.5,4.2,-0.4,4.5,-0.8,4.2
4YEB_A_B,1.366913879638476,0,0.0,1,1.8,4.5,4.5,-3.5,1.8,-3.5
4YEB_A_B,0.0693529692795603,1,-2.6,4,-3.5,-4.5,-0.7,-3.5,4.5,4.2
4YEB_A_B,0.2774247944213319,116,-0.7,4,-0.7,-0.7,-0.7,-3.9,3.8,-1.6
4YEB_A_B,2.4161355966242297,88,1.8,2,-0.4,-3.5,1.8,4.5,1.8,-3.5
4YFD_A_B,0.284796417640093,0,0.0,1,-0.4,3.8,-0.7,4.5,-0.9,-1.3
4YFD_A_B,0.1593580796289057,0,0.0,0,-3.5,2.8,-3.2,4.2,3.8,-1.6
4YFD_A_B,1.2158533509430487,0,0.0,0,-0.8,-3.2,-3.5,4.2,-0.9,-0.9
4YFD_A_B,1.1319783968765869,88,1.8,0,-0.8,-3.5,-4.5,-3.5,-3.5,-0.9
4YFD_A_B,-0.0546966445558974,88,1.8,2,2.5,-3.5,-3.5,-0.4,3.8,-3.5
4YFD_A_B,1.4742733223446782,88,1.8,0,-1.6,-3.5,-3.5,4.5,-0.8,-3.9
4YH7_A_B,1.732998495188348,0,0.0,2,-0.8,-3.5,-3.5,2.8,-3.5,4.2
4YH7_A_B,1.437532851958976,0,0.0,0,-0.7,-1.6,4.5,-0.4,1.8,3.8
4YH7_A_B,1.0340279137635573,0,0.0,0,-1.6,1.9,-1.6,4.2,-3.9,-0.9
4YH7_A_B,1.6417218697449527,88,1.8,2,-1.6,-4.5,2.8,-4.5,-0.7,-1.6
4YH7_A_B,1.5902001711335914,88,1.8,3,-3.5,3.8,-0.7,-3.5,-3.5,-3.5
5CXB_A_B,0.3648598339924671,111,-3.5,0,-3.5,3.8,-1.6,-0.8,-3.9,-4.5
5CXB_A_B,0.0623867006944059,143,-3.5,0,-3.5,-0.8,-3.9,-3.5,3.8,3.8
5CXB_A_B,0.5640937935740394,88,1.8,0,-3.9,-4.5,-3.5,3.8,4.2,-1.6
5CXB_A_B,2.6788971144265745,138,-3.5,0,-3.9,-4.5,-3.5,3.8,4.2,-1.6
5CXB_A_B,0.5640937935740394,227,-0.9,3,-3.5,3.8,3.8,-1.6,1.8,-3.5
5CYK_A_B,-2.6788971144265745,173,-4.5,0,4.5,3.8,-3.5,-3.5,-0.8,1.9
5CYK_A_B,-2.1148033208525354,88,1.8,0,4.5,3.8,-3.5,-3.5,-0.8,1.9
4RS1_A_B,-0.0463639693520967,88,1.8,1,-3.5,-3.5,3.8,-0.4,3.8,-0.7
4RS1_A_B,-0.6554927780611103,88,1.8,1,-3.5,3.8,-0.8,3.8,-0.7,-0.8
4RS1_A_B,-0.4488105944865185,189,2.8,1,-3.5,3.8,-0.8,3.8,-0.7,-0.8
4RS1_A_B,0.4804480806433591,88,1.8,1,4.5,-3.5,2.8,-3.5,-0.8,3.8
4RS1_A_B,0.8707286491681792,88,1.8,3,2.8,2.8,-3.5,3.8,3.8,-3.5
4RS1_A_B,-0.2758290229989582,88,1.8,1,2.8,-3.5,-0.8,3.8,-3.5,-0.7
4RS1_A_B,-0.6942076097723855,88,1.8,1,-3.5,-0.8,3.8,-3.5,-0.7,-3.9
4RS1_A_B,1.3534265757713189,88,1.8,1,2.5,3.8,4.2,-0.9,-3.9,-3.5
4RS1_A_B,0.2761295656452752,88,1.8,3,3.8,4.2,-4.5,-3.9,-3.5,-1.6
4RS1_A_B,0.0722147437428739,88,1.8,2,4.2,-4.5,-0.9,-3.5,-1.6,-4.5
4RS1_A_B,0.6156508841940186,88,1.8,0,-4.5,-0.9,-3.9,-1.6,-4.5,-0.7
4RS1_A_B,1.5017499281448925,0,0.0,3,-0.7,2.8,-0.8,2.5,2.8,3.8
4RS1_A_B,2.1389600659405295,80,-5.7,3,-0.7,2.8,-0.8,2.5,2.8,3.8
4RS1_A_B,2.5908034664501582,0,0.0,0,-3.9,2.5,2.8,-0.7,-3.5,-3.9
4RS1_A_B,3.617444334191933,80,-5.7,0,-3.9,2.5,2.8,-0.7,-3.5,-3.9
4RS1_A_B,0.4696924854177501,0,0.0,0,3.8,-1.3,-1.6,-0.8,-0.4,-4.5
4RS1_A_B,1.2114860109010384,50,-5.3,0,3.8,-1.3,-1.6,-0.8,-0.4,-4.5
4RS1_A_B,2.132192837997271,0,0.0,0,-3.5,2.8,-0.8,2.8,4.5,-1.3
4RS1_A_B,3.258073688588567,80,-5.7,0,-3.5,2.8,-0.8,2.8,4.5,-1.3
4RS1_A_B,2.364285162680746,0,0.0,0,2.5,2.8,4.5,-3.5,1.8,-3.5
4RS1_A_B,3.6243295978178303,0,0.0,0,-3.5,1.8,-3.5,1.9,-3.5,2.5
4NKQ_C_AB,0.1199198824112707,88,1.8,0,-0.8,-0.4,-0.7,4.2,-0.4,2.5
4NKQ_C_AB,-0.0773436061338865,111,-3.5,0,-0.8,-0.4,-0.7,4.2,-0.4,2.5
4NKQ_C_AB,0.0998458922237562,88,1.8,1,-0.4,-0.7,-3.2,-0.4,2.5,-3.2
4NKQ_C_AB,-0.3752443151665448,88,1.8,4,-0.7,-3.2,4.2,2.5,-3.2,3.8
4NKQ_C_AB,-0.2340749494981517,189,2.8,4,-0.7,-3.2,4.2,2.5,-3.2,3.8
4NKQ_C_AB,0.1581348187783762,88,1.8,2,-3.2,3.8,-3.5,3.8,-0.8,-0.4
4NKQ_C_AB,0.2026765623021039,173,-4.5,2,-3.2,3.8,-3.5,3.8,-0.8,-0.4
4NKQ_C_AB,0.3191538419928431,88,1.8,1,3.8,-3.5,-3.5,-0.8,-0.4,3.8
4NKQ_C_AB,0.3857549804073555,88,1.8,0,-3.5,-3.5,3.8,-0.4,3.8,-0.7
4NKQ_C_AB,1.0609473674761314,111,-3.5,0,-3.5,-3.5,3.8,-0.4,3.8,-0.7
4NKQ_C_AB,-0.1992339595815723,88,1.8,3,-3.5,3.8,-0.8,3.8,-0.7,-0.8
4NKQ_C_AB,-0.1992339595815723,111,-3.5,3,-3.5,3.8,-0.8,3.8,-0.7,-0.8
4NKQ_C_AB,-0.0504241524213125,88,1.8,1,3.8,-0.8,-0.4,-0.7,-0.8,-4.5
4NKQ_C_AB,-0.3528972857193735,88,1.8,1,-0.8,-0.4,3.8,-0.8,-4.5,-3.5
4NKQ_C_AB,-0.3984679191631445,88,1.8,4,-0.7,-3.9,-3.9,-3.5,-4.5,2.8
4NKQ_C_AB,-0.5609691108611452,88,1.8,4,-3.9,-3.9,4.5,-4.5,2.8,-3.5
4NKQ_C_AB,0.2360446012103794,88,1.8,4,-3.9,4.5,-3.5,2.8,-3.5,-1.6
4NKQ_C_AB,0.2752725848733484,88,1.8,4,4.5,-3.5,-4.5,-3.5,-1.6,-1.6
4NKQ_C_AB,0.1099679506710652,88,1.8,2,2.8,-3.5,-1.6,-0.8,-3.5,4.2
4NKQ_C_AB,0.4223930157093318,88,1.8,1,-3.5,3.8,3.8,-3.5,4.2,-0.8
4NKQ_C_AB,0.4679636491531029,138,-3.5,1,-3.5,3.8,3.8,-3.5,4.2,-0.8
4NKQ_C_AB,0.3600063150149256,88,1.8,0,3.8,4.5,-3.5,-0.8,-0.4,-3.5
4NKQ_C_AB,-0.2905105850249675,111,-3.5,0,3.8,4.5,-3.5,-0.8,-0.4,-3.5
4NKQ_C_AB,-0.33136305804705,60,-6.4,0,-1.3,2.8,3.8,-3.5,-0.4,-0.7
4RS1_A_B,0.4427259933720457,0,0.0,3,-0.7,1.8,1.8,-3.5,2.8,-0.8
4RS1_A_B,0.8593026289273583,55,-5.3,3,-0.7,1.8,1.8,-3.5,2.8,-0.8
4RS1_A_B,0.3126178463142714,80,-5.7,3,-0.7,1.8,1.8,-3.5,2.8,-0.8
4RS1_A_B,0.2746442388407247,23,-5.3,2,1.8,1.8,-3.5,2.8,-0.8,2.5
4RS1_A_B,1.1984508638800877,0,0.0,2,1.8,1.8,-3.5,2.8,-0.8,2.5
4RS1_A_B,0.845541937194799,80,-5.7,2,1.8,1.8,-3.5,2.8,-0.8,2.5
4RS1_A_B,-0.1068632761922885,0,0.0,3,-3.5,-3.5,2.8,2.5,2.8,4.5
4RS1_A_B,0.2546275238567195,55,-5.3,3,-3.5,-3.5,2.8,2.5,2.8,4.5
4RS1_A_B,0.1163043138453371,50,-5.3,3,-3.5,-3.5,2.8,2.5,2.8,4.5
4RS1_A_B,1.328559010937862,26,-5.3,0,-3.5,2.8,-0.8,2.8,4.5,-1.3
4RS1_A_B,1.5980058646050526,0,0.0,0,-3.5,2.8,-0.8,2.8,4.5,-1.3
4RS1_A_B,2.908034371829617,85,-6.3,0,-3.5,2.8,-0.8,2.8,4.5,-1.3
4RS1_A_B,3.6951583216042,80,-5.7,0,-3.5,2.8,-0.8,2.8,4.5,-1.3
4NKQ_C_AB,1.7317231983660322,162,1.9,0,3.8,4.5,-3.5,-0.8,-0.4,-3.5
4NKQ_C_AB,1.6757021052005343,88,1.8,1,-3.5,3.8,3.8,-3.5,4.2,-0.8
4NKQ_C_AB,1.968529691584396,114,-3.5,1,-3.5,3.8,3.8,-3.5,4.2,-0.8
4NKQ_C_AB,0.3080119700638687,143,-3.5,1,-1.3,3.8,-3.5,-3.5,-1.3,-3.5
4NKQ_C_AB,2.5346810651976597,162,1.9,0,3.8,4.5,-3.5,-0.8,-0.4,-3.5
4NKQ_C_AB,2.4343314626598236,88,1.8,1,-3.5,3.8,3.8,-3.5,4.2,-0.8
4NKQ_C_AB,1.639597426517625,114,-3.5,1,-3.5,3.8,3.8,-3.5,4.2,-0.8
4NKQ_C_AB,0.7630150300660267,143,-3.5,1,-1.3,3.8,-3.5,-3.5,-1.3,-3.5
4RS1_A_B,0.8558162237952984,-28,-2.2,2,-3.5,4.2,-4.5,-3.5,-0.8,-4.5
4RS1_A_B,0.3942068224461267,85,-6.3,4,-4.5,2.8,-3.5,-4.5,-0.7,1.9
4RS1_A_B,0.1782921541697723,23,-5.3,2,-3.5,-0.8,-4.5,1.9,-3.5,3.8
4RS1_A_B,0.1900178046601501,23,-5.3,3,-0.8,-4.5,-0.7,-3.5,3.8,-0.8
4NKQ_C_AB,-0.3903564772487236,30,-6.0,0,0.0,0.0,0.0,0.0,0.0,0.0
4NKQ_C_AB,0.3342727739759532,-48,-2.9,2,0.0,0.0,0.0,0.0,0.0,0.0
4NKQ_C_AB,2.638957657597722,65,-7.0,3,0.0,0.0,0.0,0.0,0.0,0.0
4NKQ_C_AB,0.1113506156309096,3,-6.0,0,0.0,0.0,0.0,0.0,0.0,0.0
4NKQ_C_AB,-0.2053913044934542,3,-6.0,3,0.0,0.0,0.0,0.0,0.0,0.0
4NKQ_C_AB,-0.6015529851033895,3,-6.0,4,0.0,0.0,0.0,0.0,0.0,0.0
4NKQ_C_AB,-0.235003774786646,3,-6.0,3,0.0,0.0,0.0,0.0,0.0,-3.5
5E6P_A_B,0.2736318829142041,88,1.8,0,-0.8,-3.5,3.8,-0.4,3.8,-3.5
5E6P_A_B,0.9132340698661796,88,1.8,0,3.8,-3.5,-0.4,-3.5,-3.5,-0.8
5E6P_A_B,0.6771759331115792,88,1.8,0,3.8,1.9,4.5,1.9,-3.5,-3.5
5E6P_A_B,1.7440883680726718,138,-3.5,0,3.8,1.9,4.5,1.9,-3.5,-3.5
5E6P_A_B,0.3581555424075821,0,0.0,0,-3.5,-0.8,3.8,3.8,-4.5,2.8
5E6P_A_B,1.0986349660398105,50,-5.3,2,4.2,-3.5,1.8,3.8,-0.8,4.2
5E6P_A_B,1.576602454629897,50,-5.3,0,-3.5,1.8,-0.8,-0.8,4.2,4.5
1U7F_B_AC,1.80694181354195,88,1.8,3,1.8,4.5,-3.5,1.8,-4.5,3.8
1U7F_B_AC,2.7799530028970216,88,1.8,0,-3.5,1.8,1.8,1.8,-3.5,1.8
3Q3J_A_B,0.2111965078546658,189,2.8,3,1.9,-3.2,-1.3,4.2,-0.8,-3.5
3NVN_B_A,2.526875279756775,50,-5.3,2,-3.9,3.8,2.5,-0.4,1.8,-0.4
3NVN_B_A,1.289203421463219,89,-0.8,2,-0.7,-3.5,-3.5,-0.4,-4.5,3.8
4G0N_A_B,1.7000477657838184,88,1.8,3,-3.5,-1.3,-3.9,4.2,4.2,4.2
4G0N_A_B,0.1004140513065851,88,1.8,3,4.2,4.2,-0.4,-0.4,-0.4,4.2
4G0N_A_B,1.7000477657838184,88,1.8,0,-0.4,1.8,-0.4,4.2,-0.4,-3.9
4G0N_A_B,2.0011777838189113,88,1.8,3,1.8,-0.4,-0.4,-0.4,-3.9,-0.8
4G0N_A_B,1.5004524796485643,88,1.8,2,-0.4,-0.4,4.2,-3.9,-0.8,1.8
4G0N_A_B,1.0000441198909462,88,1.8,0,-0.4,4.2,-0.4,-0.8,1.8,3.8
4G0N_A_B,2.200012633537072,88,1.8,3,2.8,4.2,-3.5,-1.3,-3.5,-1.6
4G0N_A_B,0.1004140513065851,88,1.8,0,-1.3,-3.5,-1.6,4.5,-3.5,-3.5
4G0N_A_B,0.8999697430923052,0,0.0,2,1.8,3.8,-0.7,-3.5,3.8,4.5
4G0N_A_B,-0.30028469914614,0,0.0,3,4.5,-3.5,-3.5,2.8,4.2,-3.5
4G0N_A_B,0.5015204234563589,0,0.0,3,2.8,4.2,-3.5,-1.3,-3.5,-1.6
4G0N_A_B,1.1001003815630603,0,0.0,3,-3.5,-3.5,-1.3,-1.6,-0.7,4.5
4G0N_A_B,1.8004567967999303,0,0.0,3,-3.5,-1.6,-0.7,-3.5,-3.5,-0.8
4G0N_A_B,1.8004567967999303,0,0.0,3,-1.6,-0.7,4.5,-3.5,-0.8,-1.3
4G0N_A_B,3.2993504031634453,0,0.0,0,-0.7,4.5,-3.5,-0.8,-1.3,-4.5
4G0N_A_B,0.3002904080019204,0,0.0,0,4.5,-3.5,-3.5,-1.3,-4.5,-3.9
4G0N_A_B,-0.5997550659946225,0,0.0,0,-3.5,-0.8,-1.3,-3.9,-3.5,4.2
4G0N_A_B,-0.30028469914614,0,0.0,4,-3.9,-3.5,4.2,4.5,-3.5,-0.4
1GUA_A_B,1.0002930046888965,88,1.8,3,1.9,-4.5,-3.5,-3.9,3.8,4.2
1GUA_A_B,-0.3997183481528552,88,1.8,3,3.8,4.2,4.2,-0.4,-0.8,-0.4
1GUA_A_B,-0.3997183481528552,88,1.8,3,4.2,4.2,3.8,-0.8,-0.4,-0.4
1GUA_A_B,0.1003012941689449,88,1.8,0,4.2,3.8,-0.4,-0.4,-0.4,4.2
1GUA_A_B,0.7007694466057807,88,1.8,2,-0.4,-0.8,-0.4,4.2,-0.4,-3.9
1GUA_A_B,0.1003012941689449,88,1.8,0,-0.8,-0.4,-0.4,-0.4,-3.9,-0.8
1GUA_A_B,1.9981139761839215,88,1.8,3,-0.4,4.5,2.8,-3.5,-3.5,-1.3
1GUA_A_B,0.7988371813370905,88,1.8,3,4.2,-3.5,-3.5,-3.5,-1.6,-0.7
1GUA_A_B,0.1999198860990534,88,1.8,0,-3.5,-3.5,-1.3,-1.6,-0.7,4.5
1GUA_A_B,1.3000988992427365,0,0.0,0,-1.6,-0.7,4.5,-3.5,-0.8,-1.3
1GUA_A_B,1.3995298306552717,0,0.0,0,4.5,-3.5,-3.5,-1.3,-4.5,-3.9
1K8R_A_B,1.8695192207546336,88,1.8,0,4.2,4.2,-0.4,-0.4,-0.4,4.2
1K8R_A_B,2.9121660318022986,88,1.8,0,-0.4,1.8,-0.4,4.2,-0.4,-3.9
1K8R_A_B,0.6100558897200513,88,1.8,4,-0.7,4.5,-3.5,4.5,-3.5,-3.5
1K8R_A_B,2.8366466794630845,88,1.8,0,2.8,4.2,-3.5,-1.3,-3.5,-1.6
1K8R_A_B,0.7436677912931657,88,1.8,4,-4.5,-0.7,-0.4,-0.4,2.8,3.8
1K8R_A_B,1.4938426920707562,88,1.8,0,-0.7,-0.4,-3.5,2.8,3.8,2.5
1K8R_A_B,0.177718336060188,80,-5.7,4,2.8,4.2,-3.5,-1.3,-3.5,-1.6
1K8R_A_B,1.5960416757917304,0,0.0,3,-3.5,-3.5,-1.3,-1.6,-0.7,4.5
1K8R_A_B,0.317940632183783,0,0.0,3,-1.6,-0.7,4.5,-3.5,-0.8,-1.3
1K8R_A_B,1.7801533491329355,0,0.0,0,-0.7,4.5,-3.5,-0.8,-1.3,-4.5
1K8R_A_B,3.5741237653805693,50,-5.3,0,-0.7,4.5,-3.5,-0.8,-1.3,-4.5
1K8R_A_B,1.9715047181857643,26,-5.3,0,-0.7,4.5,-3.5,-0.8,-1.3,-4.5
1K8R_A_B,0.7436677912931657,0,0.0,0,4.5,-3.5,-3.5,-1.3,-4.5,-3.9
1K8R_A_B,3.5741237653805693,20,0.7,2,-3.5,-3.5,-0.8,-4.5,-3.9,-3.5
1K8R_A_B,1.551224096334383,101,0.9999999999999998,2,-3.5,-3.5,-0.8,-4.5,-3.9,-3.5
1K8R_A_B,1.2265276252451511,0,0.0,0,-3.5,-0.8,-1.3,-3.9,-3.5,4.2
1K8R_A_B,1.2265276252451511,0,0.0,1,-3.5,4.5,3.8,-0.7,1.8,-0.4
1K8R_A_B,0.4259269564349799,0,0.0,4,1.8,-0.4,-3.5,-3.5,-1.3,-0.8
1K8R_A_B,0.4259269564349799,0,0.0,4,-0.4,-3.5,-3.5,-1.3,-0.8,1.8
4G0N_A_B,0.6031215317159927,227,-0.9,4,-3.9,3.8,4.2,4.2,-0.4,1.8
4G0N_A_B,0.5515998331046312,166,4.5,0,-1.3,-3.5,-1.6,4.5,-3.5,-3.5
4G0N_A_B,-0.6979122683637936,173,-4.5,3,-0.4,-3.9,-0.8,3.8,-0.7,4.5
4G0N_A_B,-1.1083427358000315,168,-3.9,2,4.2,-3.5,-3.5,-3.5,-1.6,-0.7
3KUD_A_B,1.952839331749063,88,1.8,0,-3.2,2.8,4.2,-3.5,-1.3,-3.5
3KUD_A_B,-0.7976373308758765,173,-4.5,3,-0.4,4.2,-0.4,-0.8,1.8,3.8
4G0N_A_B,2.627923934613123,0,0.0,1,-1.3,-3.5,-1.6,4.5,-3.5,-3.5
3KUD_A_B,1.9902492020506144,0,0.0,1,-1.3,-3.5,-1.6,4.5,-3.5,-3.5
1GUA_A_B,0.2400864326036548,50,-5.3,4,4.5,2.8,4.2,-3.5,-1.3,-3.5
1C1Y_A_B,-1.7738509682104309,50,-5.3,4,2.8,4.2,-3.5,-1.3,-3.5,-1.6
1C1Y_A_B,0.7129036007342993,162,1.9,3,4.2,3.8,-0.4,-0.4,-0.4,4.2
1C1Y_A_B,0.5017070928796334,88,1.8,3,4.2,4.2,3.8,-0.8,-0.4,-0.4
1C1Y_A_B,1.4754756090521557,111,-3.5,3,4.2,4.2,3.8,-0.8,-0.4,-0.4
1C1Y_A_B,1.1233340681705375,88,1.8,0,-0.4,-0.4,4.2,-3.9,-0.8,1.8
1C1Y_A_B,1.1083427358000315,88,1.8,3,4.2,3.8,-0.4,-0.4,-0.4,4.2
1C1Y_A_B,0.8906033326435482,138,-3.5,3,4.2,3.8,-0.4,-0.4,-0.4,4.2
1C1Y_A_B,1.4546971262175876,88,1.8,2,-0.8,-0.4,-0.4,-0.4,-3.9,-0.8
1C1Y_A_B,1.4546971262175876,88,1.8,3,-0.4,-0.8,-0.4,4.2,-0.4,-3.9
1C1Y_A_B,1.9059800666759084,88,1.8,3,-4.5,-3.5,-1.3,3.8,4.2,4.2
1C1Y_A_B,1.5800201037712227,88,1.8,0,3.8,-0.4,-0.8,-0.4,4.2,-0.4
1C1Y_A_B,1.3118988021628308,88,1.8,3,4.5,2.8,4.2,-3.9,-1.3,-3.5
1C1Y_A_B,2.231676803970569,138,-3.5,3,4.5,2.8,4.2,-3.9,-1.3,-3.5
1C1Y_A_B,2.618883667410208,166,3.8,0,-1.3,-3.5,-1.6,4.5,-3.5,-3.5
4G0N_A_B,1.3218507339030363,162,1.9,3,4.2,-0.4,1.8,-0.4,4.2,-0.4
4G0N_A_B,1.5055015309798758,88,1.8,3,4.2,4.2,-0.4,-0.4,-0.4,4.2
4G0N_A_B,1.8079746642779368,111,-3.5,3,4.2,4.2,-0.4,-0.4,-0.4,4.2
4G0N_A_B,1.8079746642779368,88,1.8,0,-0.4,4.2,-0.4,-0.8,1.8,3.8
4G0N_A_B,1.8311982682745367,88,1.8,3,4.2,-0.4,1.8,-0.4,4.2,-0.4
4G0N_A_B,1.915931998416114,138,-3.5,3,4.2,-0.4,1.8,-0.4,4.2,-0.4
4G0N_A_B,2.1560184310197688,88,1.8,2,-0.4,-0.4,4.2,-3.9,-0.8,1.8
4G0N_A_B,2.326362465852352,88,1.8,3,1.8,-0.4,-0.4,-0.4,-3.9,-0.8
4G0N_A_B,2.7367929332885903,88,1.8,3,-3.5,-1.3,-3.9,4.2,4.2,4.2
4G0N_A_B,2.784188301612491,88,1.8,0,-0.4,1.8,-0.4,4.2,-0.4,-3.9
4G0N_A_B,3.5818256324883673,88,1.8,3,2.8,4.2,-3.5,-1.3,-3.5,-1.6
4G0N_A_B,5.0629908968479,138,-3.5,3,2.8,4.2,-3.5,-1.3,-3.5,-1.6
4G0N_A_B,5.355676600698798,166,3.8,0,-3.5,-1.6,-0.7,-3.5,-3.5,-0.8
4G0N_A_B,1.387355367318777,0,0.0,3,2.8,4.2,-3.5,-1.3,-3.5,-1.6
4G0N_A_B,0.6887318364069986,0,0.0,3,-3.5,-3.5,-1.3,-1.6,-0.7,4.5
4G0N_A_B,-0.1076613451292646,0,0.0,0,-3.5,-0.8,-1.3,-3.9,-3.5,4.2
4G0N_A_B,2.0381091651413863,88,1.8,3,-3.5,-1.3,-3.9,4.2,4.2,4.2
4G0N_A_B,0.4357853010881767,88,1.8,3,4.2,4.2,-0.4,-0.4,-0.4,4.2
4G0N_A_B,1.4955495992396703,88,1.8,3,1.8,-0.4,-0.4,-0.4,-3.9,-0.8
4G0N_A_B,0.6887318364069986,88,1.8,0,-0.4,4.2,-0.4,-0.8,1.8,3.8
4G0N_A_B,2.0381091651413863,88,1.8,3,2.8,4.2,-3.5,-1.3,-3.5,-1.6
4G0N_A_B,-0.1076613451292646,88,1.8,0,-1.3,-3.5,-1.6,4.5,-3.5,-3.5
4G0N_A_B,2.0275026221074315,1,-2.6,1,-1.3,-3.5,-1.6,4.5,-3.5,-3.5
4G0N_A_B,2.6958801941683013,0,0.0,1,-1.3,-3.5,-1.6,4.5,-3.5,-3.5
3EQS_A_B,0.391631237698019,88,1.8,3,0.0,0.0,0.0,-0.7,3.8,4.2
3EQS_A_B,1.2628188637126807,88,1.8,3,0.0,0.0,-3.5,3.8,4.2,-4.5
3EQS_A_B,5.555439008329725,88,1.8,0,0.0,-3.5,-0.7,4.2,-4.5,-1.6
3EQS_A_B,1.114009056552421,88,1.8,4,-0.7,3.8,4.2,-1.6,-3.9,-1.6
3EQS_A_B,3.10884396206468,88,1.8,0,3.8,4.2,-4.5,-3.9,-1.6,3.8
3EQS_A_B,6.406672036434724,88,1.8,0,4.2,-4.5,-1.6,-1.6,3.8,3.8
3EQS_A_B,-1.1111248521163304,88,1.8,3,-4.5,-1.6,-3.9,3.8,3.8,3.8
3EQS_A_B,-0.1703440348325832,88,1.8,3,-1.6,-3.9,-1.6,3.8,3.8,-3.9
3EQS_A_B,3.332526963431207,88,1.8,0,-3.9,-1.6,3.8,3.8,-3.9,3.8
3EQS_A_B,0.1171377660949721,88,1.8,3,-1.6,3.8,3.8,-3.9,3.8,3.8
1JTD_A_B,1.3010338000797863,88,1.8,0,-3.9,-3.5,1.8,-3.5,-3.5,3.8
1JTD_A_B,1.5072752497300477,88,1.8,0,1.8,-3.5,-3.5,3.8,-0.4,1.8
1JTD_A_B,1.3923104255231815,88,1.8,0,-3.5,-3.5,-3.5,-0.4,1.8,-4.5
1JTD_A_B,0.2950249093050417,88,1.8,3,-0.4,1.8,-4.5,-0.4,-1.3,4.5
1JTD_A_B,3.1500845871819467,88,1.8,2,3.8,-3.5,-0.8,-4.5,-1.6,-3.5
1JTD_A_B,2.5498809649258365,88,1.8,2,-3.5,-0.8,2.8,-1.6,-3.5,-3.5
1JTD_A_B,0.6667405450300047,88,1.8,3,3.8,3.8,2.5,1.8,4.2,3.8
1JTD_A_B,1.2093001109317203,88,1.8,2,-3.2,-1.3,-0.8,-3.5,-3.5,3.8
1JTD_A_B,0.4801728652073099,88,1.8,0,-1.3,-0.8,-3.5,-3.5,3.8,4.2
1JTD_A_B,1.9887367465667416,88,1.8,3,-3.5,-0.4,1.9,4.2,-4.5,-3.5
1JTD_A_B,3.2544092350795952,88,1.8,2,-3.5,3.8,3.8,-0.7,-0.7,4.5
1JTD_A_B,0.9603457304146198,88,1.8,2,2.8,3.8,-3.2,1.9,-0.4,-3.5
1JTD_A_B,0.1515448050943641,88,1.8,3,-3.2,-3.5,1.9,-3.5,-3.2,4.2
1JTD_A_B,-0.5487598948069381,88,1.8,0,-3.5,1.9,-0.4,-3.2,4.2,-0.7
1JTD_A_B,3.2982904921990897,88,1.8,0,-3.5,-3.5,-3.5,-3.5,-0.7,-0.7
1JTD_A_B,-1.0609473674761314,88,1.8,2,3.8,-4.5,-3.9,3.8,-0.7,-0.4
1JTD_A_B,2.0261466168682927,88,1.8,3,-3.9,3.8,3.8,-0.4,-3.5,3.8
1JTD_A_B,2.1995040220720568,88,1.8,0,3.8,3.8,-0.7,-3.5,3.8,3.8
1JTD_A_B,2.888799162152425,88,1.8,2,1.8,-3.5,-3.9,1.8,-0.4,-1.6
1JTD_A_B,3.959672394322028,88,1.8,2,-3.5,-3.9,4.2,-0.4,-1.6,3.8
1JTD_A_B,0.8239369210106485,88,1.8,3,1.8,-3.5,-3.9,-0.4,1.8,-0.4
1JTD_A_B,1.8490507871021604,88,1.8,2,-3.5,-0.4,-3.9,-0.8,-4.5,4.5
1JTD_A_B,5.808539723053141,88,1.8,0,-0.4,-3.9,-1.6,-4.5,4.5,4.2
1JTD_A_B,0.8878556432582747,88,1.8,2,1.9,-3.5,-3.5,-3.5,-4.5,-3.5
1JTD_A_B,2.668552074993765,88,1.8,2,0.0,0.0,-0.9,0.0,0.0,0.0
3QHY_A_B,2.2540238334177403,88,1.8,0,4.2,-3.9,-3.2,-3.5,-3.5,1.8
3QHY_A_B,2.2540238334177403,88,1.8,0,-3.2,-3.9,-3.5,1.8,-0.7,-3.2
3QHY_A_B,2.8621197138229477,88,1.8,0,-3.9,-3.5,-3.5,-0.7,-3.2,-3.9
3QHY_A_B,0.0564356355268157,88,1.8,3,-0.7,-3.2,-3.9,2.8,-0.8,-3.5
3QHY_A_B,2.901609410639349,88,1.8,2,-0.4,4.2,-1.3,4.5,-3.5,-0.7
3QHY_A_B,3.9823041681844,88,1.8,2,4.2,-1.3,1.8,-3.5,-0.7,-0.4
3QHY_A_B,0.815905876668072,88,1.8,3,-3.5,-4.5,2.8,2.8,1.8,-0.8
3QHY_A_B,1.6048213090562775,88,1.8,2,-0.8,-0.7,-3.9,3.8,-3.5,-3.5
3QHY_A_B,0.8007869446849619,88,1.8,0,-0.7,-3.9,-3.9,-3.5,-3.5,4.2
3QHY_A_B,1.8883511976504257,88,1.8,3,-0.8,-1.6,4.2,-3.5,-3.9,-3.2
3QHY_A_B,3.787788369024516,88,1.8,2,4.2,-4.5,-1.3,-3.5,-3.5,-0.7
3QHY_A_B,0.3800583742037154,88,1.8,2,4.5,-0.4,-0.4,-3.9,-0.4,-1.3
3QHY_A_B,-0.0847337301415773,88,1.8,3,-0.4,-1.6,-3.9,-1.3,-3.5,-3.9
3QHY_A_B,0.960832876472537,88,1.8,0,-1.6,-3.9,-0.4,-3.5,-3.9,1.8
3QHY_A_B,3.4217089135915932,88,1.8,0,-3.5,-0.7,-3.5,-3.5,-3.5,1.8
3QHY_A_B,3.4961802378095,88,1.8,2,-0.8,-0.7,1.8,1.8,4.5,1.8
3QHY_A_B,1.7424391451234027,88,1.8,3,1.8,-3.9,1.8,1.8,-0.7,-3.5
3QHY_A_B,2.061332769137986,88,1.8,0,-3.9,1.8,4.5,-0.7,-3.5,3.8
3QHY_A_B,3.0660469027300175,88,1.8,2,-4.5,-3.5,4.5,-0.7,-3.9,-0.9
3QHY_A_B,3.073787222100168,88,1.8,2,-3.5,4.5,3.8,-3.9,-0.9,1.9
3QHY_A_B,0.2400864326036549,88,1.8,3,1.8,-0.4,4.2,-0.7,-3.5,-0.9
3QHY_A_B,3.0112784461553552,88,1.8,2,-4.5,-3.5,-3.5,1.8,4.5,4.2
3QHY_A_B,5.42951023876947,88,1.8,0,-3.5,-3.5,4.5,4.5,4.2,-0.9
3QHY_A_B,0.5346114465645269,88,1.8,2,4.5,3.8,-0.8,-3.9,-3.5,-3.5
3QHY_A_B,2.6943876197055494,88,1.8,2,-3.5,1.8,1.8,4.2,4.5,4.2
5K39_A_B,-0.5096455851441339,88,1.8,3,-0.8,-0.4,4.2,-3.5,-0.8,-0.7
5K39_A_B,-0.2486322680679494,88,1.8,3,-3.5,-0.8,-0.7,4.5,4.5,-0.4
5K39_A_B,0.4803003032869775,88,1.8,0,-0.4,4.5,4.5,-3.9,4.2,-0.4
5K39_A_B,2.8983267532448216,88,1.8,0,-3.5,-0.8,4.5,-0.4,-0.7,3.8
5K39_A_B,2.189642735806139,88,1.8,0,3.8,4.2,4.5,-0.9,-1.3,-0.4
5M2O_A_B,2.0932084212675592,88,1.8,0,-3.5,-1.3,-0.7,-3.9,1.8,-0.4
5M2O_A_B,0.0485966302667887,88,1.8,0,-1.3,-0.7,1.8,1.8,-0.4,-3.5
5M2O_A_B,2.5244597396574298,88,1.8,0,-3.9,1.8,-0.4,-3.5,4.2,-0.7
5M2O_A_B,1.1826799723062125,88,1.8,0,-3.5,4.2,-0.7,-3.5,4.2,3.8
5M2O_A_B,1.0987134347444458,88,1.8,3,4.2,-3.5,-0.8,-3.5,-3.9,-1.6
5M2O_A_B,-0.1629549374322424,88,1.8,0,-0.8,3.8,1.8,-3.5,-0.7,-0.7
5M2O_A_B,0.8787131158062246,88,1.8,0,-3.5,-0.7,-0.7,1.9,-0.7,-3.5
5M2O_A_B,0.0432340899319615,0,0.0,0,2.8,-3.5,-0.7,4.2,1.9,-0.7
5M2O_A_B,0.1599541901912007,0,0.0,0,-3.5,1.9,1.8,3.8,-0.4,1.8
5M2O_A_B,-0.7820506489758254,0,0.0,0,1.8,4.5,3.8,1.8,-3.5,2.8
5M2O_A_B,1.6807071202348578,0,0.0,0,3.8,-0.4,1.8,2.8,-3.9,-0.8
5M2O_A_B,0.7229418564631381,0,0.0,3,-3.9,-0.8,3.8,-3.5,-3.9,-0.4
5M2O_A_B,0.9121638456457472,0,0.0,2,2.8,-3.5,-0.4,-3.5,-3.5,4.2
5M2O_A_B,0.4647383973942655,0,0.0,0,-3.9,-3.5,-3.5,-3.2,-3.9,-0.8
1YCS_A_B,-0.1168286728618053,65,-5.0,0,-4.5,-3.5,-0.8,-3.5,4.2,-4.5
5XCO_A_B,0.8107962279676599,20,0.7,4,4.2,4.2,-0.4,-3.5,-0.4,4.2
5XCO_A_B,1.1098760797729883,-28,-2.2,4,4.2,4.2,-0.4,-3.5,-0.4,4.2
5XCO_A_B,1.0784283713491414,88,1.8,0,1.9,-0.7,-3.5,-3.9,3.8,4.2
5XCO_A_B,2.746471285458112,88,1.8,0,-0.7,-3.5,-1.3,3.8,4.2,4.2
5XCO_A_B,1.3634205007741924,88,1.8,0,-3.5,-1.3,-3.9,4.2,4.2,4.2
5XCO_A_B,2.7958437040327566,88,1.8,0,-1.3,-3.9,3.8,4.2,4.2,-0.4
5XCO_A_B,1.2853027724225805,88,1.8,0,-3.9,3.8,4.2,4.2,-0.4,1.8
5XCO_A_B,1.8992893062216176,88,1.8,3,3.8,4.2,4.2,-0.4,1.8,-3.5
5XCO_A_B,2.7958437040327566,88,1.8,0,4.2,4.2,4.2,1.8,-3.5,-0.4
5XCO_A_B,0.6347858723826875,88,1.8,3,4.2,4.2,-0.4,-3.5,-0.4,4.2
5XCO_A_B,0.0,88,1.8,0,4.2,-0.4,1.8,-0.4,4.2,-0.4
5UFE_A_B,-1.2207903704430492,23,-5.3,4,4.2,-0.4,1.8,-0.4,4.2,-0.4
5UFE_A_B,-1.3780416386968788,23,-5.3,4,4.2,-0.4,1.8,-0.4,4.2,-0.4
5UFE_A_B,-0.3961616806099355,20,0.7,4,4.2,-0.4,1.8,-0.4,4.2,-0.4
5UFE_A_B,-0.7275247386569856,52,2.4000000000000004,4,4.2,-0.4,1.8,-0.4,4.2,-0.4
5UFE_A_B,0.2922617641326976,173,-4.5,3,-3.5,3.8,4.5,-3.5,-3.2,2.8
5UFE_A_B,-1.2207903704430492,23,-5.3,4,4.2,-0.4,1.8,-0.4,4.2,-0.4
5TAR_A_B,0.2314421038976055,88,1.8,1,-0.4,1.8,-0.4,4.2,-0.4,-3.9
5TAR_A_B,-0.214885778356311,88,1.8,1,-0.4,-3.9,-0.8,3.8,-0.7,4.5
5TAR_A_B,0.659036845592455,88,1.8,1,-3.2,2.8,4.2,-3.5,-1.3,-3.5
5TAR_A_B,1.125902948555509,88,1.8,0,1.8,4.5,-3.5,-0.7,-3.9,-0.8
5TAR_A_B,0.3841094230722206,88,1.8,0,-3.5,-3.5,-0.7,-0.8,2.8,-3.5
5TAR_A_B,0.1573297527128217,88,1.8,3,1.9,4.2,3.8,-0.4,-3.5,-3.9
5TAR_A_B,-0.0263210443640175,88,1.8,1,-0.7,4.2,-3.5,-3.9,-3.5,1.8
5TAR_A_B,0.2486063781562168,88,1.8,1,-3.9,-3.5,1.8,-3.5,3.8,1.8
4L0P_A_B,0.0,80,-5.7,4,3.8,-3.5,-0.8,-0.7,4.5,-3.5
4L0P_A_B,0.0564356355268157,101,0.9999999999999998,4,3.8,-0.4,-0.9,-0.8,-1.3,-1.6
4L0P_A_B,2.6644543008539787,80,-5.7,0,-0.8,-3.2,-0.4,-3.5,-3.5,4.5
4L0P_A_B,0.3141987837884388,1,-2.6,1,-0.9,3.8,-4.5,-3.5,-0.9,4.2
4L0P_A_B,1.4713778349123696,55,-5.3,2,-3.5,3.8,-3.9,-0.7,3.8,-4.5
4L0P_A_B,0.2783013689707604,26,-5.3,4,3.8,-3.9,3.8,-0.7,-3.5,4.5
1KBH_A_B,0.5958202554839956,227,-0.9,2,0.0,0.0,0.0,0.0,0.0,0.0
1KBH_A_B,0.5532407767473575,227,-0.9,2,0.0,0.0,0.0,0.0,0.0,0.0
1KBH_A_B,0.1279739877340212,139,-2.7,2,0.0,0.0,0.0,0.0,0.0,0.0
1KBH_A_B,0.790639415262212,139,-2.7,1,0.0,0.0,0.0,0.0,0.0,0.0
1KBH_A_B,0.4545310447697178,227,-0.9,2,0.0,0.0,0.0,0.0,0.0,0.0
1KBH_A_B,-0.0779299099252292,139,-2.7,2,0.0,0.0,0.0,0.0,0.0,0.0
1KBH_A_B,0.5670372970466271,139,-2.7,1,0.0,0.0,0.0,0.0,0.0,0.0
1KBH_A_B,-0.5551676855595936,227,-0.9,2,0.0,0.0,0.0,0.0,0.0,0.0
1KBH_A_B,0.5202802138403042,227,-0.9,2,0.0,0.0,0.0,0.0,0.0,0.0
2KSO_A_B,0.33136305804705,23,-5.3,0,-0.8,-0.8,-0.4,4.2,-1.6,-4.5
2KSO_A_B,1.3401968967775926,23,-5.3,3,4.2,4.2,-3.5,-0.7,-3.5,-3.5
2KSO_A_B,1.3401968967775926,50,-5.3,3,4.2,4.2,-3.5,-0.7,-3.5,-3.5
2KSO_A_B,-0.6620148535461153,50,-5.3,3,-1.3,-0.7,1.8,-3.5,-3.9,4.2
2KSO_A_B,-0.1553527024620776,138,-3.5,3,1.9,-0.7,4.2,-3.5,-0.9,3.8
2WPT_A_B,-1.4194230318077257,0,0.0,2,-0.4,1.8,-0.7,2.5,-3.5,-3.5
2WPT_A_B,2.66685643802267,88,1.8,0,1.8,1.8,-3.5,-3.9,-0.8,-0.4
2WPT_A_B,-0.1384814689686595,0,0.0,0,1.8,-0.7,-3.5,-3.5,-3.5,-3.5
2WPT_A_B,-0.0861240242764229,88,1.8,2,-0.9,-4.5,1.8,-3.5,-0.4,-3.9
